Inspect fixture roles
postgres
pg_database_owner
pg_read_all_data
pg_write_all_data
pg_monitor
pg_read_all_settings
pg_read_all_stats
pg_stat_scan_tables
pg_read_server_files
pg_write_server_files
pg_execute_server_program
pg_signal_backend
pg_checkpoint
pg_maintain
pg_use_reserved_connections
pg_create_subscription
anon
authenticated
service_role

Reset phase3_empty

Create phase3_empty

phase3_empty: Infrastructure fixture
SET
CREATE SCHEMA
CREATE SCHEMA
CREATE SCHEMA
CREATE EXTENSION
CREATE TABLE
CREATE TABLE
CREATE FUNCTION
CREATE FUNCTION
CREATE FUNCTION
CREATE TABLE
CREATE TABLE
ALTER TABLE
CREATE FUNCTION
CREATE PUBLICATION
GRANT
GRANT
GRANT
ALTER DEFAULT PRIVILEGES
ALTER DEFAULT PRIVILEGES
ALTER DEFAULT PRIVILEGES
SET
psql:C:/Users/User/barangayan/plans/evidence/phase3/phase4-rehearsal-final/bootstrap.sql:42: WARNING:  "wal_level" is insufficient to publish logical changes
HINT:  Set "wal_level" to "logical" before creating subscriptions.

phase3_empty: 0001_barangays_and_profiles.sql
SET
CREATE TABLE
COMMENT
ALTER TABLE
CREATE POLICY
CREATE TABLE
COMMENT
ALTER TABLE
CREATE POLICY
CREATE POLICY
CREATE POLICY
CREATE FUNCTION
CREATE TRIGGER
CREATE FUNCTION
CREATE FUNCTION
COMMENT

phase3_empty: 0002_document_types_and_service_requests.sql
SET
CREATE TABLE
ALTER TABLE
CREATE POLICY
CREATE TABLE
ALTER TABLE
CREATE POLICY
CREATE POLICY
CREATE TRIGGER
CREATE SEQUENCE
CREATE FUNCTION
CREATE TRIGGER
CREATE FUNCTION
CREATE TRIGGER
ALTER PUBLICATION

phase3_empty: 0003_announcements.sql
SET
CREATE TABLE
ALTER TABLE
CREATE POLICY
ALTER PUBLICATION

phase3_empty: 0004_service_request_reference_default.sql
SET
ALTER TABLE
DROP TRIGGER
DROP FUNCTION

phase3_empty: 0005_guest_readable_public_content.sql
SET
CREATE POLICY
CREATE POLICY

phase3_empty: 0006_profile_theme_preference.sql
SET
ALTER TABLE

phase3_empty: 0007_payments_and_admin_access.sql
SET
ALTER TABLE
CREATE TABLE
ALTER TABLE
CREATE POLICY
CREATE POLICY
CREATE POLICY
CREATE POLICY
CREATE TRIGGER
ALTER PUBLICATION
CREATE FUNCTION
CREATE TRIGGER
CREATE POLICY
CREATE POLICY
CREATE FUNCTION
CREATE FUNCTION
CREATE POLICY

phase3_empty: 0008_resident_directory_access.sql
SET
CREATE POLICY
CREATE VIEW
ALTER PUBLICATION

phase3_empty: 0009_admin_crud_and_soft_delete.sql
SET
ALTER TABLE
ALTER TABLE
ALTER TABLE
ALTER TABLE
CREATE POLICY
CREATE POLICY
CREATE POLICY
CREATE POLICY

phase3_empty: 0010_resident_set_payment_method.sql
SET
CREATE FUNCTION
GRANT

phase3_empty: 0011_announcements_admin_write.sql
SET
ALTER TABLE
DROP POLICY
DROP POLICY
CREATE POLICY
CREATE POLICY
CREATE POLICY
psql:C:/Users/User/barangayan/supabase/migrations/0011_announcements_admin_write.sql:17: NOTICE:  policy "residents can read announcements from their barangay" for relation "public.announcements" does not exist, skipping
psql:C:/Users/User/barangayan/supabase/migrations/0011_announcements_admin_write.sql:18: NOTICE:  policy "guests can read all announcements" for relation "public.announcements" does not exist, skipping

phase3_empty: 0012_profile_trigger_and_verification_status.sql
SET
ALTER TABLE
COMMENT
CREATE FUNCTION
COMMENT
DROP TRIGGER
CREATE TRIGGER
psql:C:/Users/User/barangayan/supabase/migrations/0012_profile_trigger_and_verification_status.sql:94: NOTICE:  trigger "on_auth_user_created" for relation "auth.users" does not exist, skipping

phase3_empty: 0013_protect_verification_fields.sql
SET
CREATE FUNCTION
COMMENT
DROP TRIGGER
CREATE TRIGGER
psql:C:/Users/User/barangayan/supabase/migrations/0013_protect_verification_fields.sql:44: NOTICE:  trigger "guard_verification_fields" for relation "public.profiles" does not exist, skipping

phase3_empty: 0014_request_delivery_workflow.sql
SET
ALTER TABLE
ALTER TABLE
ALTER TABLE
UPDATE 0
ALTER TABLE
CREATE FUNCTION
DROP TRIGGER
CREATE TRIGGER
CREATE FUNCTION
psql:C:/Users/User/barangayan/supabase/migrations/0014_request_delivery_workflow.sql:51: NOTICE:  trigger "guard_service_request_completion" for relation "public.service_requests" does not exist, skipping

phase3_empty: 0015_request_delivery_transition_rpc.sql
SET
CREATE FUNCTION

phase3_empty: 0017_harden_payments_rls.sql
SET
ALTER TABLE
DROP POLICY
ALTER TABLE

phase3_empty: 0018_begin_processing_rpc.sql
SET
CREATE FUNCTION
COMMENT

phase3_empty: 0019_fix_announcement_soft_delete.sql
SET
DROP POLICY
DROP POLICY

phase3_empty: 0020_id_documents_storage.sql
SET
ALTER TABLE
INSERT 0 1
CREATE POLICY
CREATE POLICY
CREATE POLICY

phase3_empty: 0021_enable_pgtap.sql
SET
CREATE EXTENSION

phase3_empty: 0022_maps_tables.sql
SET
CREATE TABLE
ALTER TABLE
CREATE POLICY
CREATE POLICY
CREATE TABLE
CREATE INDEX
CREATE INDEX
CREATE INDEX
CREATE INDEX
ALTER TABLE
CREATE POLICY
CREATE POLICY
CREATE POLICY
CREATE TABLE
CREATE INDEX
CREATE INDEX
ALTER TABLE
CREATE POLICY
CREATE POLICY

phase3_empty: 0023_seed_incident_categories.sql
SET
INSERT 0 0

phase3_empty: 0024_ampid1_boundary.sql
SET
UPDATE 0

phase3_empty: 0025_incident_management.sql
SET
CREATE TRIGGER
INSERT 0 1
CREATE POLICY
CREATE POLICY
CREATE POLICY
CREATE TABLE
CREATE INDEX
ALTER TABLE
CREATE POLICY
CREATE POLICY
CREATE POLICY
CREATE FUNCTION
COMMENT
CREATE FUNCTION
COMMENT
CREATE FUNCTION
COMMENT

phase3_empty: 0026_incident_report_workflow.sql
SET
ALTER TABLE
ALTER TABLE
CREATE FUNCTION
COMMENT
CREATE FUNCTION
COMMENT
CREATE POLICY

phase3_empty: 0027_incidents_realtime.sql
SET
ALTER PUBLICATION

phase3_empty: 0029_drop_diag_temp.sql
SET
DROP FUNCTION
psql:C:/Users/User/barangayan/supabase/migrations/0029_drop_diag_temp.sql:4: NOTICE:  function public.__diag_soft_delete_incident_def() does not exist, skipping

phase3_empty: 0030_diag_temp2.sql
SET
CREATE FUNCTION
GRANT

phase3_empty: 0031_drop_diag_temp2.sql
SET
DROP FUNCTION

phase3_empty: 0032_withdraw_incident_rpc.sql
SET
CREATE FUNCTION
COMMENT

phase3_empty: 0033_diag_temp3.sql
SET
CREATE FUNCTION
GRANT

phase3_empty: 0034_drop_diag_temp3.sql
SET
DROP FUNCTION

phase3_empty: 0035_medical_drives.sql
SET
CREATE TYPE
CREATE TYPE
CREATE TABLE
COMMENT
CREATE INDEX
CREATE INDEX
CREATE TRIGGER
CREATE TABLE
COMMENT
CREATE INDEX
CREATE INDEX
CREATE TRIGGER
ALTER TABLE
ALTER TABLE
CREATE POLICY
CREATE POLICY
CREATE POLICY
CREATE FUNCTION

phase3_empty: 0036_medical_drives_admin_rls.sql
SET
CREATE POLICY
CREATE POLICY
CREATE POLICY

phase3_empty: 0037_profile_birth_date.sql
SET
ALTER TABLE
COMMENT

phase3_empty: 0038_health_realtime.sql
SET
ALTER PUBLICATION
ALTER PUBLICATION

phase3_empty: 0039_profile_extended_fields.sql
SET
ALTER TABLE
UPDATE 0
COMMENT
COMMENT
COMMENT
COMMENT
CREATE FUNCTION
COMMENT

phase3_empty: 0040_profile_avatar.sql
SET
ALTER TABLE
COMMENT
INSERT 0 1
CREATE POLICY
CREATE POLICY
CREATE POLICY
CREATE POLICY

phase3_empty: 0041_id_verification_status.sql
SET
ALTER TABLE
COMMENT
CREATE FUNCTION
COMMENT
DROP TRIGGER
CREATE TRIGGER
psql:C:/Users/User/barangayan/supabase/migrations/0041_id_verification_status.sql:61: NOTICE:  trigger "trg_guard_id_verification_status" for relation "public.profiles" does not exist, skipping

phase3_empty: 0042_id_documents_public_bucket.sql
SET
UPDATE 1
UPDATE 1
CREATE POLICY
CREATE POLICY
CREATE POLICY

phase3_empty: 0043_emergency_content.sql
SET

phase3_empty: 0044_evacuation_centers_verified.sql
SET
ALTER TABLE
COMMENT
DO

phase3_empty: 0045_evacuation_center_checkins.sql
SET
CREATE TABLE
CREATE INDEX
CREATE INDEX
CREATE INDEX
CREATE INDEX
ALTER TABLE
CREATE POLICY
CREATE POLICY
CREATE POLICY

phase3_empty: 0046_household_members.sql
SET
CREATE TABLE
CREATE INDEX
CREATE INDEX
ALTER TABLE
CREATE POLICY
CREATE POLICY
CREATE FUNCTION
CREATE TRIGGER

phase3_empty: 0047_emergency_information.sql
SET
CREATE TABLE
CREATE INDEX
CREATE INDEX
CREATE INDEX
ALTER TABLE
CREATE POLICY
CREATE POLICY

phase3_empty: 0048_realtime_publications.sql
SET
ALTER PUBLICATION
ALTER PUBLICATION
ALTER PUBLICATION
ALTER PUBLICATION

phase3_empty: 0049_seed_empty_tables.sql
SET
DO

phase3_empty: 0050_create_emergency_qr_tables.sql
SET
CREATE TABLE
CREATE TABLE
CREATE INDEX
CREATE INDEX
CREATE FUNCTION
CREATE TRIGGER
CREATE TRIGGER
ALTER TABLE
ALTER TABLE
CREATE POLICY
CREATE POLICY
CREATE POLICY
CREATE POLICY
ALTER TABLE
ALTER TABLE
DO
psql:C:/Users/User/barangayan/supabase/migrations/0050_create_emergency_qr_tables.sql:78: NOTICE:  identifier "Allow read access to emergency_qr_content for authenticated users" will be truncated to "Allow read access to emergency_qr_content for authenticated use"
psql:C:/Users/User/barangayan/supabase/migrations/0050_create_emergency_qr_tables.sql:84: NOTICE:  identifier "Allow read access to evacuation_center_qr_codes for authenticated users" will be truncated to "Allow read access to evacuation_center_qr_codes for authenticat"
psql:C:/Users/User/barangayan/supabase/migrations/0050_create_emergency_qr_tables.sql:112: NOTICE:  identifier "Allow full access to evacuation_center_qr_codes for barangay admins" will be truncated to "Allow full access to evacuation_center_qr_codes for barangay ad"

phase3_empty: 0051_waste_management.sql
SET
CREATE TABLE
CREATE TABLE
CREATE INDEX
CREATE INDEX
CREATE INDEX
CREATE FUNCTION
CREATE TRIGGER
CREATE TRIGGER
ALTER TABLE
ALTER TABLE
CREATE POLICY
CREATE POLICY
ALTER TABLE
ALTER TABLE
DO

phase3_empty: 0052_household_admin_management.sql
SET
DROP POLICY
CREATE POLICY
CREATE FUNCTION
CREATE FUNCTION
CREATE FUNCTION
CREATE FUNCTION
DROP TRIGGER
CREATE TRIGGER
DO
psql:C:/Users/User/barangayan/supabase/migrations/0052_household_admin_management.sql:14: NOTICE:  policy "admins manage barangay household members" for relation "public.household_members" does not exist, skipping
psql:C:/Users/User/barangayan/supabase/migrations/0052_household_admin_management.sql:191: NOTICE:  trigger "sync_household_members_from_jsonb" for relation "public.profiles" does not exist, skipping

phase3_empty: 0053_faq.sql
SET
CREATE TABLE
CREATE INDEX
CREATE INDEX
CREATE INDEX
CREATE INDEX
ALTER TABLE
CREATE POLICY
CREATE POLICY
CREATE FUNCTION
CREATE TRIGGER
ALTER TABLE
DO
DO

phase3_empty: 0054_barangay_settings.sql
SET
ALTER TABLE
DROP TRIGGER
CREATE TRIGGER
DROP POLICY
CREATE POLICY
DO
psql:C:/Users/User/barangayan/supabase/migrations/0054_barangay_settings.sql:16: NOTICE:  trigger "barangays_set_updated_at" for relation "public.barangays" does not exist, skipping
psql:C:/Users/User/barangayan/supabase/migrations/0054_barangay_settings.sql:25: NOTICE:  policy "admins can update barangay config in their barangay" for relation "public.barangays" does not exist, skipping

phase3_empty: 0055_grant_guest_read_access.sql
SET
DROP POLICY
CREATE POLICY
DROP POLICY
CREATE POLICY
DROP POLICY
CREATE POLICY
DROP POLICY
CREATE POLICY
psql:C:/Users/User/barangayan/supabase/migrations/0055_grant_guest_read_access.sql:26: NOTICE:  identifier "Allow read access to emergency_qr_content for authenticated users" will be truncated to "Allow read access to emergency_qr_content for authenticated use"
psql:C:/Users/User/barangayan/supabase/migrations/0055_grant_guest_read_access.sql:34: NOTICE:  identifier "Allow read access to evacuation_center_qr_codes for authenticated users" will be truncated to "Allow read access to evacuation_center_qr_codes for authenticat"

phase3_empty: 0056_admin_staff_management.sql
SET
ALTER TABLE
ALTER TABLE
DROP POLICY
DROP POLICY
CREATE POLICY
DROP POLICY
DROP POLICY
CREATE POLICY
CREATE FUNCTION
DROP TRIGGER
CREATE TRIGGER
psql:C:/Users/User/barangayan/supabase/migrations/0056_admin_staff_management.sql:25: NOTICE:  policy "admins can read admin and staff profiles in their barangay" for relation "public.profiles" does not exist, skipping
psql:C:/Users/User/barangayan/supabase/migrations/0056_admin_staff_management.sql:26: NOTICE:  policy "admins can read admin profiles in their barangay" for relation "public.profiles" does not exist, skipping
psql:C:/Users/User/barangayan/supabase/migrations/0056_admin_staff_management.sql:41: NOTICE:  policy "admins can update admin and staff profiles in their barangay" for relation "public.profiles" does not exist, skipping
psql:C:/Users/User/barangayan/supabase/migrations/0056_admin_staff_management.sql:42: NOTICE:  policy "admins can update admin profiles in their barangay" for relation "public.profiles" does not exist, skipping
psql:C:/Users/User/barangayan/supabase/migrations/0056_admin_staff_management.sql:78: NOTICE:  trigger "trg_guard_role_escalation" for relation "public.profiles" does not exist, skipping

phase3_empty: 0057_barangay_officials.sql
SET
CREATE TABLE
CREATE INDEX
ALTER TABLE
CREATE FUNCTION
DROP TRIGGER
CREATE TRIGGER
DROP POLICY
CREATE POLICY
DROP POLICY
CREATE POLICY
DROP POLICY
CREATE POLICY
DROP POLICY
CREATE POLICY
CREATE FUNCTION
DROP TRIGGER
CREATE TRIGGER
INSERT 0 0
psql:C:/Users/User/barangayan/supabase/migrations/0057_barangay_officials.sql:65: NOTICE:  trigger "trg_barangay_officials_updated_at" for relation "public.barangay_officials" does not exist, skipping
psql:C:/Users/User/barangayan/supabase/migrations/0057_barangay_officials.sql:75: NOTICE:  policy "admins read barangay officials in their barangay" for relation "public.barangay_officials" does not exist, skipping
psql:C:/Users/User/barangayan/supabase/migrations/0057_barangay_officials.sql:85: NOTICE:  policy "admins insert barangay officials in their barangay" for relation "public.barangay_officials" does not exist, skipping
psql:C:/Users/User/barangayan/supabase/migrations/0057_barangay_officials.sql:95: NOTICE:  policy "admins update barangay officials in their barangay" for relation "public.barangay_officials" does not exist, skipping
psql:C:/Users/User/barangayan/supabase/migrations/0057_barangay_officials.sql:109: NOTICE:  policy "admins delete barangay officials in their barangay" for relation "public.barangay_officials" does not exist, skipping
psql:C:/Users/User/barangayan/supabase/migrations/0057_barangay_officials.sql:153: NOTICE:  trigger "trg_sync_barangay_official" for relation "public.profiles" does not exist, skipping

phase3_empty: 0058_admin_audit_log.sql
SET
DROP VIEW
CREATE TABLE
CREATE INDEX
CREATE INDEX
ALTER TABLE
CREATE POLICY
CREATE POLICY
CREATE POLICY
ALTER PUBLICATION

phase3_empty: 0059_site_content_and_about_us.sql
SET
CREATE TABLE
CREATE INDEX
CREATE INDEX
CREATE TABLE
CREATE INDEX
CREATE INDEX
CREATE TABLE
CREATE INDEX
CREATE INDEX
CREATE TRIGGER
CREATE TRIGGER
CREATE TRIGGER
ALTER TABLE
ALTER TABLE
ALTER TABLE
CREATE POLICY
CREATE POLICY
CREATE POLICY
CREATE POLICY
CREATE POLICY
CREATE POLICY
CREATE POLICY
CREATE POLICY
CREATE POLICY
ALTER TABLE
ALTER TABLE
ALTER TABLE
DO
INSERT 0 0
INSERT 0 0

phase3_empty: 0060_storage_site_content.sql
SET
INSERT 0 1
CREATE POLICY
CREATE POLICY
CREATE POLICY
CREATE POLICY

phase3_empty: 0061_save_about_us_rpc.sql
SET
CREATE FUNCTION
GRANT

phase3_empty: 0062_seed_site_content_and_about_us.sql
SET
INSERT 0 0
INSERT 0 0
INSERT 0 0
DELETE 0
INSERT 0 0

phase3_empty: 0063_push_notifications.sql
SET
ALTER TABLE
COMMENT
CREATE TABLE
COMMENT
ALTER TABLE
CREATE POLICY
CREATE FUNCTION

phase3_empty: 0064_qrph_instant_payment_and_refunds.sql
SET
ALTER TABLE
ALTER TABLE
ALTER TABLE
ALTER TABLE
ALTER TABLE
CREATE FUNCTION
COMMENT
COMMENT
ALTER TABLE
COMMENT
ALTER TABLE
COMMENT
COMMENT

phase3_empty: 0065_qrph_payment_intents.sql
SET
ALTER TABLE
COMMENT
ALTER TABLE
COMMENT
DO
ALTER TABLE

phase3_empty: 0066_qrph_persistent_qr_and_resident_cancel.sql
SET
ALTER TABLE
CREATE FUNCTION
GRANT

phase3_empty: 0067_fix_household_members_uuid_sync.sql
SET
CREATE FUNCTION
COMMENT

phase3_empty: 0068_signup_birth_date.sql
SET
CREATE FUNCTION
COMMENT

phase3_empty: 0069_fix_emergency_information_tenant_leak.sql
SET
DROP POLICY
CREATE POLICY
CREATE POLICY

phase3_empty: 0070_waste_management_resident_read.sql
SET
CREATE POLICY
CREATE POLICY

phase3_empty: 0071_add_missing_fk_indexes.sql
SET
CREATE INDEX
CREATE INDEX
CREATE INDEX
CREATE INDEX
CREATE INDEX
CREATE INDEX
CREATE INDEX
CREATE INDEX
CREATE INDEX
CREATE INDEX
CREATE INDEX

phase3_empty: 0072_admin_register_for_drive.sql
SET
CREATE FUNCTION

phase3_empty: 0073_id_documents_private_again.sql
SET
UPDATE 1

phase3_empty: 0074_account_deletion.sql
SET
ALTER TABLE
COMMENT
CREATE INDEX
CREATE FUNCTION
COMMENT
DROP POLICY
CREATE POLICY
psql:C:/Users/User/barangayan/supabase/migrations/0074_account_deletion.sql:18: NOTICE:  column "deleted_at" of relation "profiles" already exists, skipping

phase3_empty: 0075_profile_theme_customization.sql
SET
ALTER TABLE

phase3_empty: 0076_placeholder.sql
SET

phase3_empty: 0077_waste_zone_cron_scoring.sql
SET
ALTER TABLE
CREATE INDEX
ALTER TABLE
COMMENT
CREATE FUNCTION
COMMENT
DO
DO
 recompute_waste_zone_scores 
-----------------------------
 
(1 row)

psql:C:/Users/User/barangayan/supabase/migrations/0077_waste_zone_cron_scoring.sql:96: NOTICE:  pg_cron extension unavailable in this environment — skipping scheduled job (recompute_waste_zone_scores() can still be called manually).

phase3_empty: 0078_registration_location_verification.sql
SET
ALTER TABLE
COMMENT
COMMENT
CREATE FUNCTION
COMMENT

phase3_empty: 0079_export_rate_limit.sql
SET
ALTER TABLE
COMMENT

phase3_empty: 0080_reports_unread_counts.sql
SET
ALTER TABLE
CREATE TABLE
ALTER TABLE
CREATE POLICY
ALTER PUBLICATION

phase3_empty: 0081_resident_profile_field_split.sql
SET
ALTER TABLE
COMMENT
COMMENT
COMMENT
COMMENT
COMMENT
COMMENT
COMMENT
COMMENT
COMMENT
COMMENT
CREATE FUNCTION
COMMENT
DROP TRIGGER
CREATE TRIGGER
CREATE FUNCTION
COMMENT
psql:C:/Users/User/barangayan/supabase/migrations/0081_resident_profile_field_split.sql:122: NOTICE:  trigger "compose_profiles_display_fields" for relation "public.profiles" does not exist, skipping

phase3_empty: 0082_remove_delivery_add_pickup.sql
SET
ALTER TABLE
ALTER TABLE
UPDATE 0
UPDATE 0
ALTER TABLE
ALTER TABLE
CREATE FUNCTION
DROP FUNCTION
CREATE FUNCTION
CREATE FUNCTION
DO
DO
UPDATE 0
UPDATE 0
ALTER TABLE
ALTER TABLE
CREATE FUNCTION
ALTER TABLE
ALTER TABLE
COMMENT

phase3_empty: 0083_incident_location_details.sql
SET
ALTER TABLE
COMMENT
COMMENT

phase3_empty: 0084_announcement_detailed_description.sql
SET
ALTER TABLE
COMMENT

phase3_empty: 0085_resident_mark_resolved_incident_read.sql
SET
CREATE POLICY

phase3_empty: 0086_about_us_logo_size.sql
SET
ALTER TABLE
CREATE FUNCTION
GRANT

phase3_empty: 0087_about_us_title.sql
SET
ALTER TABLE
CREATE FUNCTION
GRANT

phase3_empty: 0088_faq_articles_guest_read.sql
SET
CREATE POLICY

phase3_empty: 0089_id_verification_failed_status.sql
SET
ALTER TABLE
ALTER TABLE
COMMENT
CREATE FUNCTION
COMMENT

phase3_empty: 0090_location_verification.sql
SET
ALTER TABLE
COMMENT
COMMENT

phase3_empty: 0091_verified_location_address.sql
SET
ALTER TABLE
COMMENT

phase3_empty: 0092_drive_registrations_admin_update.sql
SET
CREATE POLICY

phase3_empty: 0093_resident_ios_backend_safety.sql
SET
CREATE FUNCTION
DROP TRIGGER
CREATE TRIGGER
CREATE FUNCTION
CREATE FUNCTION
CREATE FUNCTION
REVOKE
REVOKE
REVOKE
GRANT
GRANT
GRANT
DROP POLICY
CREATE POLICY
ALTER TABLE
CREATE INDEX
COMMENT

phase3_empty: 0094_resident_ios_tenant_write_guards.sql
SET
CREATE FUNCTION
DROP TRIGGER
CREATE TRIGGER
CREATE FUNCTION
DROP TRIGGER
CREATE TRIGGER
COMMENT
COMMENT
psql:C:/Users/User/barangayan/supabase/migrations/0094_resident_ios_tenant_write_guards.sql:32: NOTICE:  trigger "guard_drive_registration_tenant" for relation "public.drive_registrations" does not exist, skipping
psql:C:/Users/User/barangayan/supabase/migrations/0094_resident_ios_tenant_write_guards.sql:66: NOTICE:  trigger "guard_evacuation_checkin_tenant" for relation "public.evacuation_center_checkins" does not exist, skipping

phase3_empty: 20261001030133_phase1_shared_foundations.sql
SET
BEGIN
CREATE SCHEMA
REVOKE
GRANT
CREATE TABLE
INSERT 0 0
ALTER TABLE
REVOKE
GRANT
CREATE POLICY
ALTER TABLE
CREATE TABLE
ALTER TABLE
REVOKE
GRANT
CREATE POLICY
ALTER TABLE
ALTER TABLE
CREATE INDEX
CREATE INDEX
CREATE INDEX
CREATE INDEX
CREATE INDEX
CREATE TABLE
CREATE INDEX
CREATE INDEX
CREATE INDEX
ALTER TABLE
REVOKE
GRANT
CREATE POLICY
CREATE TABLE
CREATE INDEX
ALTER TABLE
REVOKE
GRANT
CREATE POLICY
INSERT 0 1
CREATE POLICY
CREATE POLICY
CREATE POLICY
ALTER POLICY
ALTER POLICY
CREATE POLICY
CREATE FUNCTION
CREATE FUNCTION
CREATE FUNCTION
CREATE FUNCTION
CREATE FUNCTION
CREATE TRIGGER
CREATE FUNCTION
CREATE TRIGGER
CREATE FUNCTION
CREATE TRIGGER
DROP TRIGGER
CREATE TRIGGER
CREATE FUNCTION
CREATE FUNCTION
CREATE FUNCTION
CREATE FUNCTION
CREATE FUNCTION
CREATE FUNCTION
CREATE FUNCTION
CREATE FUNCTION
CREATE FUNCTION
CREATE TRIGGER
CREATE FUNCTION
CREATE FUNCTION
CREATE FUNCTION
CREATE FUNCTION
CREATE FUNCTION
CREATE FUNCTION
REVOKE
GRANT
REVOKE
GRANT
REVOKE
GRANT
GRANT
COMMENT
COMMENT
COMMENT
COMMIT

phase3_empty: 20261001145422_phase2_trusted_evidence_locality.sql
SET
BEGIN
ALTER TABLE
DO
ALTER TABLE
DO
CREATE POLICY
CREATE POLICY
CREATE FUNCTION
REVOKE
CREATE TRIGGER
CREATE FUNCTION
UPDATE 0
CREATE FUNCTION
REVOKE
CREATE TRIGGER
CREATE FUNCTION
REVOKE
CREATE TRIGGER
COMMIT

phase3_empty: 20261001160010_phase3_catalog_staff_workflows.sql
SET
BEGIN
ALTER TABLE
ALTER TABLE
UPDATE 0
ALTER TABLE
CREATE FUNCTION
CREATE FUNCTION
REVOKE
GRANT
CREATE FUNCTION
REVOKE
 configure_ampid_charter 
-------------------------
 
(1 row)

CREATE FUNCTION
CREATE FUNCTION
CREATE FUNCTION
CREATE INDEX
CREATE FUNCTION
REVOKE
CREATE TRIGGER
COMMIT

phase3_empty: 20261003084732_phase4_resident_submission_payment.sql
SET
BEGIN
CREATE TABLE
ALTER TABLE
REVOKE
CREATE FUNCTION
CREATE FUNCTION
REVOKE
GRANT
CREATE FUNCTION
CREATE FUNCTION
CREATE FUNCTION
REVOKE
GRANT
CREATE FUNCTION
CREATE FUNCTION
COMMIT

phase3_empty: Phase 3 four-service staff acceptance
SET
BEGIN
 no_plan 
---------
(0 rows)

INSERT 0 2
INSERT 0 1
INSERT 0 3
 configure_ampid_charter 
-------------------------
 
(1 row)

                    is                     
-------------------------------------------
 ok 1 - Exactly four pilot services active
(1 row)

                   ok                   
----------------------------------------
 ok 2 - Other tenant activity unchanged
(1 row)

                is                 
-----------------------------------
 ok 3 - Other tenant fee unchanged
(1 row)

                      is                       
-----------------------------------------------
 ok 4 - Equivalent indigency identifier reused
(1 row)

                              ok                               
---------------------------------------------------------------
 ok 5 - General-purpose clearance deactivated without deletion
(1 row)

                            is                            
----------------------------------------------------------
 ok 6 - All four preserve Simple, G2C and fifteen minutes
(1 row)

                           is                            
---------------------------------------------------------
 ok 7 - Missing CTC personnel remains explicitly unknown
(1 row)

INSERT 0 3
INSERT 0 3
INSERT 0 3
SET
SET
        publish_id_submission         
--------------------------------------
 c5000000-0000-0000-0000-000000000001
(1 row)

SET
         review_id_submission         
--------------------------------------
 c5000000-0000-0000-0000-000000000001
(1 row)

SET
                                                              lives_ok                                                               
-------------------------------------------------------------------------------------------------------------------------------------
 ok 8 - Certificate of Indigency submits pending assessment
 ok 9 - First Time Job Seeker submits pending assessment
 ok 10 - Issuance of Barangay Clearance for Business Establishments submits pending assessment
 ok 11 - Reproduction or Photocopy of Barangay Records, Data, and Similar Documents (Certified True Copy) submits pending assessment
(4 rows)

           throws_ok            
--------------------------------
 ok 12 - Resident cannot review
(1 row)

SET
                      throws_ok                       
------------------------------------------------------
 ok 13 - ID approval alone cannot accept requirements
 ok 14 - ID approval alone cannot accept requirements
 ok 15 - ID approval alone cannot accept requirements
 ok 16 - ID approval alone cannot accept requirements
(4 rows)

                   lives_ok                   
----------------------------------------------
 ok 17 - Staff record requirements separately
 ok 18 - Staff record requirements separately
 ok 19 - Staff record requirements separately
 ok 20 - Staff record requirements separately
(4 rows)

                        throws_ok                         
----------------------------------------------------------
 ok 21 - Appearance acknowledgment is not actual presence
 ok 22 - Appearance acknowledgment is not actual presence
 ok 23 - Appearance acknowledgment is not actual presence
 ok 24 - Appearance acknowledgment is not actual presence
(4 rows)

                lives_ok                
----------------------------------------
 ok 25 - Staff record actual appearance
 ok 26 - Staff record actual appearance
 ok 27 - Staff record actual appearance
 ok 28 - Staff record actual appearance
(4 rows)

                        ok                         
---------------------------------------------------
 ok 29 - Review and appearance actor/time recorded
 ok 30 - Review and appearance actor/time recorded
 ok 31 - Review and appearance actor/time recorded
 ok 32 - Review and appearance actor/time recorded
(4 rows)

                     lives_ok                     
--------------------------------------------------
 ok 33 - Every service fee or exemption confirmed
 ok 34 - Every service fee or exemption confirmed
 ok 35 - Every service fee or exemption confirmed
 ok 36 - Every service fee or exemption confirmed
(4 rows)

                                is                                 
-------------------------------------------------------------------
 ok 37 - Four total pages cost forty pesos, not times three copies
(1 row)

             lives_ok              
-----------------------------------
 ok 38 - Reviewed request accepted
 ok 39 - Reviewed request accepted
 ok 40 - Reviewed request accepted
 ok 41 - Reviewed request accepted
(4 rows)

            lives_ok             
---------------------------------
 ok 42 - Reviewed document ready
 ok 43 - Reviewed document ready
 ok 44 - Reviewed document ready
 ok 45 - Reviewed document ready
(4 rows)

               throws_ok               
---------------------------------------
 ok 46 - Unpaid request cannot release
 ok 47 - Unpaid request cannot release
 ok 48 - Unpaid request cannot release
(3 rows)

                         lives_ok                         
----------------------------------------------------------
 ok 49 - Eligible first job seeker waiver permits release
(1 row)

               throws_ok                
----------------------------------------
 ok 50 - Review locked after acceptance
(1 row)

               throws_ok                
----------------------------------------
 ok 51 - Raw staff review bypass denied
(1 row)

RESET
 finish 
--------
 1..51
(1 row)

ROLLBACK

Reset phase3_existing

Create phase3_existing

phase3_existing: Infrastructure fixture
SET
CREATE SCHEMA
CREATE SCHEMA
CREATE SCHEMA
CREATE EXTENSION
CREATE TABLE
CREATE TABLE
CREATE FUNCTION
CREATE FUNCTION
CREATE FUNCTION
CREATE TABLE
CREATE TABLE
ALTER TABLE
CREATE FUNCTION
CREATE PUBLICATION
GRANT
GRANT
GRANT
ALTER DEFAULT PRIVILEGES
ALTER DEFAULT PRIVILEGES
ALTER DEFAULT PRIVILEGES
SET
psql:C:/Users/User/barangayan/plans/evidence/phase3/phase4-rehearsal-final/bootstrap.sql:42: WARNING:  "wal_level" is insufficient to publish logical changes
HINT:  Set "wal_level" to "logical" before creating subscriptions.

phase3_existing: 0001_barangays_and_profiles.sql
SET
CREATE TABLE
COMMENT
ALTER TABLE
CREATE POLICY
CREATE TABLE
COMMENT
ALTER TABLE
CREATE POLICY
CREATE POLICY
CREATE POLICY
CREATE FUNCTION
CREATE TRIGGER
CREATE FUNCTION
CREATE FUNCTION
COMMENT

phase3_existing: 0002_document_types_and_service_requests.sql
SET
CREATE TABLE
ALTER TABLE
CREATE POLICY
CREATE TABLE
ALTER TABLE
CREATE POLICY
CREATE POLICY
CREATE TRIGGER
CREATE SEQUENCE
CREATE FUNCTION
CREATE TRIGGER
CREATE FUNCTION
CREATE TRIGGER
ALTER PUBLICATION

phase3_existing: 0003_announcements.sql
SET
CREATE TABLE
ALTER TABLE
CREATE POLICY
ALTER PUBLICATION

phase3_existing: 0004_service_request_reference_default.sql
SET
ALTER TABLE
DROP TRIGGER
DROP FUNCTION

phase3_existing: 0005_guest_readable_public_content.sql
SET
CREATE POLICY
CREATE POLICY

phase3_existing: 0006_profile_theme_preference.sql
SET
ALTER TABLE

phase3_existing: 0007_payments_and_admin_access.sql
SET
ALTER TABLE
CREATE TABLE
ALTER TABLE
CREATE POLICY
CREATE POLICY
CREATE POLICY
CREATE POLICY
CREATE TRIGGER
ALTER PUBLICATION
CREATE FUNCTION
CREATE TRIGGER
CREATE POLICY
CREATE POLICY
CREATE FUNCTION
CREATE FUNCTION
CREATE POLICY

phase3_existing: 0008_resident_directory_access.sql
SET
CREATE POLICY
CREATE VIEW
ALTER PUBLICATION

phase3_existing: 0009_admin_crud_and_soft_delete.sql
SET
ALTER TABLE
ALTER TABLE
ALTER TABLE
ALTER TABLE
CREATE POLICY
CREATE POLICY
CREATE POLICY
CREATE POLICY

phase3_existing: 0010_resident_set_payment_method.sql
SET
CREATE FUNCTION
GRANT

phase3_existing: 0011_announcements_admin_write.sql
SET
ALTER TABLE
DROP POLICY
DROP POLICY
CREATE POLICY
CREATE POLICY
CREATE POLICY
psql:C:/Users/User/barangayan/supabase/migrations/0011_announcements_admin_write.sql:17: NOTICE:  policy "residents can read announcements from their barangay" for relation "public.announcements" does not exist, skipping
psql:C:/Users/User/barangayan/supabase/migrations/0011_announcements_admin_write.sql:18: NOTICE:  policy "guests can read all announcements" for relation "public.announcements" does not exist, skipping

phase3_existing: 0012_profile_trigger_and_verification_status.sql
SET
ALTER TABLE
COMMENT
CREATE FUNCTION
COMMENT
DROP TRIGGER
CREATE TRIGGER
psql:C:/Users/User/barangayan/supabase/migrations/0012_profile_trigger_and_verification_status.sql:94: NOTICE:  trigger "on_auth_user_created" for relation "auth.users" does not exist, skipping

phase3_existing: 0013_protect_verification_fields.sql
SET
CREATE FUNCTION
COMMENT
DROP TRIGGER
CREATE TRIGGER
psql:C:/Users/User/barangayan/supabase/migrations/0013_protect_verification_fields.sql:44: NOTICE:  trigger "guard_verification_fields" for relation "public.profiles" does not exist, skipping

phase3_existing: 0014_request_delivery_workflow.sql
SET
ALTER TABLE
ALTER TABLE
ALTER TABLE
UPDATE 0
ALTER TABLE
CREATE FUNCTION
DROP TRIGGER
CREATE TRIGGER
CREATE FUNCTION
psql:C:/Users/User/barangayan/supabase/migrations/0014_request_delivery_workflow.sql:51: NOTICE:  trigger "guard_service_request_completion" for relation "public.service_requests" does not exist, skipping

phase3_existing: 0015_request_delivery_transition_rpc.sql
SET
CREATE FUNCTION

phase3_existing: 0017_harden_payments_rls.sql
SET
ALTER TABLE
DROP POLICY
ALTER TABLE

phase3_existing: 0018_begin_processing_rpc.sql
SET
CREATE FUNCTION
COMMENT

phase3_existing: 0019_fix_announcement_soft_delete.sql
SET
DROP POLICY
DROP POLICY

phase3_existing: 0020_id_documents_storage.sql
SET
ALTER TABLE
INSERT 0 1
CREATE POLICY
CREATE POLICY
CREATE POLICY

phase3_existing: 0021_enable_pgtap.sql
SET
CREATE EXTENSION

phase3_existing: 0022_maps_tables.sql
SET
CREATE TABLE
ALTER TABLE
CREATE POLICY
CREATE POLICY
CREATE TABLE
CREATE INDEX
CREATE INDEX
CREATE INDEX
CREATE INDEX
ALTER TABLE
CREATE POLICY
CREATE POLICY
CREATE POLICY
CREATE TABLE
CREATE INDEX
CREATE INDEX
ALTER TABLE
CREATE POLICY
CREATE POLICY

phase3_existing: 0023_seed_incident_categories.sql
SET
INSERT 0 0

phase3_existing: 0024_ampid1_boundary.sql
SET
UPDATE 0

phase3_existing: 0025_incident_management.sql
SET
CREATE TRIGGER
INSERT 0 1
CREATE POLICY
CREATE POLICY
CREATE POLICY
CREATE TABLE
CREATE INDEX
ALTER TABLE
CREATE POLICY
CREATE POLICY
CREATE POLICY
CREATE FUNCTION
COMMENT
CREATE FUNCTION
COMMENT
CREATE FUNCTION
COMMENT

phase3_existing: 0026_incident_report_workflow.sql
SET
ALTER TABLE
ALTER TABLE
CREATE FUNCTION
COMMENT
CREATE FUNCTION
COMMENT
CREATE POLICY

phase3_existing: 0027_incidents_realtime.sql
SET
ALTER PUBLICATION

phase3_existing: 0029_drop_diag_temp.sql
SET
DROP FUNCTION
psql:C:/Users/User/barangayan/supabase/migrations/0029_drop_diag_temp.sql:4: NOTICE:  function public.__diag_soft_delete_incident_def() does not exist, skipping

phase3_existing: 0030_diag_temp2.sql
SET
CREATE FUNCTION
GRANT

phase3_existing: 0031_drop_diag_temp2.sql
SET
DROP FUNCTION

phase3_existing: 0032_withdraw_incident_rpc.sql
SET
CREATE FUNCTION
COMMENT

phase3_existing: 0033_diag_temp3.sql
SET
CREATE FUNCTION
GRANT

phase3_existing: 0034_drop_diag_temp3.sql
SET
DROP FUNCTION

phase3_existing: 0035_medical_drives.sql
SET
CREATE TYPE
CREATE TYPE
CREATE TABLE
COMMENT
CREATE INDEX
CREATE INDEX
CREATE TRIGGER
CREATE TABLE
COMMENT
CREATE INDEX
CREATE INDEX
CREATE TRIGGER
ALTER TABLE
ALTER TABLE
CREATE POLICY
CREATE POLICY
CREATE POLICY
CREATE FUNCTION

phase3_existing: 0036_medical_drives_admin_rls.sql
SET
CREATE POLICY
CREATE POLICY
CREATE POLICY

phase3_existing: 0037_profile_birth_date.sql
SET
ALTER TABLE
COMMENT

phase3_existing: 0038_health_realtime.sql
SET
ALTER PUBLICATION
ALTER PUBLICATION

phase3_existing: 0039_profile_extended_fields.sql
SET
ALTER TABLE
UPDATE 0
COMMENT
COMMENT
COMMENT
COMMENT
CREATE FUNCTION
COMMENT

phase3_existing: 0040_profile_avatar.sql
SET
ALTER TABLE
COMMENT
INSERT 0 1
CREATE POLICY
CREATE POLICY
CREATE POLICY
CREATE POLICY

phase3_existing: 0041_id_verification_status.sql
SET
ALTER TABLE
COMMENT
CREATE FUNCTION
COMMENT
DROP TRIGGER
CREATE TRIGGER
psql:C:/Users/User/barangayan/supabase/migrations/0041_id_verification_status.sql:61: NOTICE:  trigger "trg_guard_id_verification_status" for relation "public.profiles" does not exist, skipping

phase3_existing: 0042_id_documents_public_bucket.sql
SET
UPDATE 1
UPDATE 1
CREATE POLICY
CREATE POLICY
CREATE POLICY

phase3_existing: 0043_emergency_content.sql
SET

phase3_existing: 0044_evacuation_centers_verified.sql
SET
ALTER TABLE
COMMENT
DO

phase3_existing: 0045_evacuation_center_checkins.sql
SET
CREATE TABLE
CREATE INDEX
CREATE INDEX
CREATE INDEX
CREATE INDEX
ALTER TABLE
CREATE POLICY
CREATE POLICY
CREATE POLICY

phase3_existing: 0046_household_members.sql
SET
CREATE TABLE
CREATE INDEX
CREATE INDEX
ALTER TABLE
CREATE POLICY
CREATE POLICY
CREATE FUNCTION
CREATE TRIGGER

phase3_existing: 0047_emergency_information.sql
SET
CREATE TABLE
CREATE INDEX
CREATE INDEX
CREATE INDEX
ALTER TABLE
CREATE POLICY
CREATE POLICY

phase3_existing: 0048_realtime_publications.sql
SET
ALTER PUBLICATION
ALTER PUBLICATION
ALTER PUBLICATION
ALTER PUBLICATION

phase3_existing: 0049_seed_empty_tables.sql
SET
DO

phase3_existing: 0050_create_emergency_qr_tables.sql
SET
CREATE TABLE
CREATE TABLE
CREATE INDEX
CREATE INDEX
CREATE FUNCTION
CREATE TRIGGER
CREATE TRIGGER
ALTER TABLE
ALTER TABLE
CREATE POLICY
CREATE POLICY
CREATE POLICY
CREATE POLICY
ALTER TABLE
ALTER TABLE
DO
psql:C:/Users/User/barangayan/supabase/migrations/0050_create_emergency_qr_tables.sql:78: NOTICE:  identifier "Allow read access to emergency_qr_content for authenticated users" will be truncated to "Allow read access to emergency_qr_content for authenticated use"
psql:C:/Users/User/barangayan/supabase/migrations/0050_create_emergency_qr_tables.sql:84: NOTICE:  identifier "Allow read access to evacuation_center_qr_codes for authenticated users" will be truncated to "Allow read access to evacuation_center_qr_codes for authenticat"
psql:C:/Users/User/barangayan/supabase/migrations/0050_create_emergency_qr_tables.sql:112: NOTICE:  identifier "Allow full access to evacuation_center_qr_codes for barangay admins" will be truncated to "Allow full access to evacuation_center_qr_codes for barangay ad"

phase3_existing: 0051_waste_management.sql
SET
CREATE TABLE
CREATE TABLE
CREATE INDEX
CREATE INDEX
CREATE INDEX
CREATE FUNCTION
CREATE TRIGGER
CREATE TRIGGER
ALTER TABLE
ALTER TABLE
CREATE POLICY
CREATE POLICY
ALTER TABLE
ALTER TABLE
DO

phase3_existing: 0052_household_admin_management.sql
SET
DROP POLICY
CREATE POLICY
CREATE FUNCTION
CREATE FUNCTION
CREATE FUNCTION
CREATE FUNCTION
DROP TRIGGER
CREATE TRIGGER
DO
psql:C:/Users/User/barangayan/supabase/migrations/0052_household_admin_management.sql:14: NOTICE:  policy "admins manage barangay household members" for relation "public.household_members" does not exist, skipping
psql:C:/Users/User/barangayan/supabase/migrations/0052_household_admin_management.sql:191: NOTICE:  trigger "sync_household_members_from_jsonb" for relation "public.profiles" does not exist, skipping

phase3_existing: 0053_faq.sql
SET
CREATE TABLE
CREATE INDEX
CREATE INDEX
CREATE INDEX
CREATE INDEX
ALTER TABLE
CREATE POLICY
CREATE POLICY
CREATE FUNCTION
CREATE TRIGGER
ALTER TABLE
DO
DO

phase3_existing: 0054_barangay_settings.sql
SET
ALTER TABLE
DROP TRIGGER
CREATE TRIGGER
DROP POLICY
CREATE POLICY
DO
psql:C:/Users/User/barangayan/supabase/migrations/0054_barangay_settings.sql:16: NOTICE:  trigger "barangays_set_updated_at" for relation "public.barangays" does not exist, skipping
psql:C:/Users/User/barangayan/supabase/migrations/0054_barangay_settings.sql:25: NOTICE:  policy "admins can update barangay config in their barangay" for relation "public.barangays" does not exist, skipping

phase3_existing: 0055_grant_guest_read_access.sql
SET
DROP POLICY
CREATE POLICY
DROP POLICY
CREATE POLICY
DROP POLICY
CREATE POLICY
DROP POLICY
CREATE POLICY
psql:C:/Users/User/barangayan/supabase/migrations/0055_grant_guest_read_access.sql:26: NOTICE:  identifier "Allow read access to emergency_qr_content for authenticated users" will be truncated to "Allow read access to emergency_qr_content for authenticated use"
psql:C:/Users/User/barangayan/supabase/migrations/0055_grant_guest_read_access.sql:34: NOTICE:  identifier "Allow read access to evacuation_center_qr_codes for authenticated users" will be truncated to "Allow read access to evacuation_center_qr_codes for authenticat"

phase3_existing: 0056_admin_staff_management.sql
SET
ALTER TABLE
ALTER TABLE
DROP POLICY
DROP POLICY
CREATE POLICY
DROP POLICY
DROP POLICY
CREATE POLICY
CREATE FUNCTION
DROP TRIGGER
CREATE TRIGGER
psql:C:/Users/User/barangayan/supabase/migrations/0056_admin_staff_management.sql:25: NOTICE:  policy "admins can read admin and staff profiles in their barangay" for relation "public.profiles" does not exist, skipping
psql:C:/Users/User/barangayan/supabase/migrations/0056_admin_staff_management.sql:26: NOTICE:  policy "admins can read admin profiles in their barangay" for relation "public.profiles" does not exist, skipping
psql:C:/Users/User/barangayan/supabase/migrations/0056_admin_staff_management.sql:41: NOTICE:  policy "admins can update admin and staff profiles in their barangay" for relation "public.profiles" does not exist, skipping
psql:C:/Users/User/barangayan/supabase/migrations/0056_admin_staff_management.sql:42: NOTICE:  policy "admins can update admin profiles in their barangay" for relation "public.profiles" does not exist, skipping
psql:C:/Users/User/barangayan/supabase/migrations/0056_admin_staff_management.sql:78: NOTICE:  trigger "trg_guard_role_escalation" for relation "public.profiles" does not exist, skipping

phase3_existing: 0057_barangay_officials.sql
SET
CREATE TABLE
CREATE INDEX
ALTER TABLE
CREATE FUNCTION
DROP TRIGGER
CREATE TRIGGER
DROP POLICY
CREATE POLICY
DROP POLICY
CREATE POLICY
DROP POLICY
CREATE POLICY
DROP POLICY
CREATE POLICY
CREATE FUNCTION
DROP TRIGGER
CREATE TRIGGER
INSERT 0 0
psql:C:/Users/User/barangayan/supabase/migrations/0057_barangay_officials.sql:65: NOTICE:  trigger "trg_barangay_officials_updated_at" for relation "public.barangay_officials" does not exist, skipping
psql:C:/Users/User/barangayan/supabase/migrations/0057_barangay_officials.sql:75: NOTICE:  policy "admins read barangay officials in their barangay" for relation "public.barangay_officials" does not exist, skipping
psql:C:/Users/User/barangayan/supabase/migrations/0057_barangay_officials.sql:85: NOTICE:  policy "admins insert barangay officials in their barangay" for relation "public.barangay_officials" does not exist, skipping
psql:C:/Users/User/barangayan/supabase/migrations/0057_barangay_officials.sql:95: NOTICE:  policy "admins update barangay officials in their barangay" for relation "public.barangay_officials" does not exist, skipping
psql:C:/Users/User/barangayan/supabase/migrations/0057_barangay_officials.sql:109: NOTICE:  policy "admins delete barangay officials in their barangay" for relation "public.barangay_officials" does not exist, skipping
psql:C:/Users/User/barangayan/supabase/migrations/0057_barangay_officials.sql:153: NOTICE:  trigger "trg_sync_barangay_official" for relation "public.profiles" does not exist, skipping

phase3_existing: 0058_admin_audit_log.sql
SET
DROP VIEW
CREATE TABLE
CREATE INDEX
CREATE INDEX
ALTER TABLE
CREATE POLICY
CREATE POLICY
CREATE POLICY
ALTER PUBLICATION

phase3_existing: 0059_site_content_and_about_us.sql
SET
CREATE TABLE
CREATE INDEX
CREATE INDEX
CREATE TABLE
CREATE INDEX
CREATE INDEX
CREATE TABLE
CREATE INDEX
CREATE INDEX
CREATE TRIGGER
CREATE TRIGGER
CREATE TRIGGER
ALTER TABLE
ALTER TABLE
ALTER TABLE
CREATE POLICY
CREATE POLICY
CREATE POLICY
CREATE POLICY
CREATE POLICY
CREATE POLICY
CREATE POLICY
CREATE POLICY
CREATE POLICY
ALTER TABLE
ALTER TABLE
ALTER TABLE
DO
INSERT 0 0
INSERT 0 0

phase3_existing: 0060_storage_site_content.sql
SET
INSERT 0 1
CREATE POLICY
CREATE POLICY
CREATE POLICY
CREATE POLICY

phase3_existing: 0061_save_about_us_rpc.sql
SET
CREATE FUNCTION
GRANT

phase3_existing: 0062_seed_site_content_and_about_us.sql
SET
INSERT 0 0
INSERT 0 0
INSERT 0 0
DELETE 0
INSERT 0 0

phase3_existing: 0063_push_notifications.sql
SET
ALTER TABLE
COMMENT
CREATE TABLE
COMMENT
ALTER TABLE
CREATE POLICY
CREATE FUNCTION

phase3_existing: 0064_qrph_instant_payment_and_refunds.sql
SET
ALTER TABLE
ALTER TABLE
ALTER TABLE
ALTER TABLE
ALTER TABLE
CREATE FUNCTION
COMMENT
COMMENT
ALTER TABLE
COMMENT
ALTER TABLE
COMMENT
COMMENT

phase3_existing: 0065_qrph_payment_intents.sql
SET
ALTER TABLE
COMMENT
ALTER TABLE
COMMENT
DO
ALTER TABLE

phase3_existing: 0066_qrph_persistent_qr_and_resident_cancel.sql
SET
ALTER TABLE
CREATE FUNCTION
GRANT

phase3_existing: 0067_fix_household_members_uuid_sync.sql
SET
CREATE FUNCTION
COMMENT

phase3_existing: 0068_signup_birth_date.sql
SET
CREATE FUNCTION
COMMENT

phase3_existing: 0069_fix_emergency_information_tenant_leak.sql
SET
DROP POLICY
CREATE POLICY
CREATE POLICY

phase3_existing: 0070_waste_management_resident_read.sql
SET
CREATE POLICY
CREATE POLICY

phase3_existing: 0071_add_missing_fk_indexes.sql
SET
CREATE INDEX
CREATE INDEX
CREATE INDEX
CREATE INDEX
CREATE INDEX
CREATE INDEX
CREATE INDEX
CREATE INDEX
CREATE INDEX
CREATE INDEX
CREATE INDEX

phase3_existing: 0072_admin_register_for_drive.sql
SET
CREATE FUNCTION

phase3_existing: 0073_id_documents_private_again.sql
SET
UPDATE 1

phase3_existing: 0074_account_deletion.sql
SET
ALTER TABLE
COMMENT
CREATE INDEX
CREATE FUNCTION
COMMENT
DROP POLICY
CREATE POLICY
psql:C:/Users/User/barangayan/supabase/migrations/0074_account_deletion.sql:18: NOTICE:  column "deleted_at" of relation "profiles" already exists, skipping

phase3_existing: 0075_profile_theme_customization.sql
SET
ALTER TABLE

phase3_existing: 0076_placeholder.sql
SET

phase3_existing: 0077_waste_zone_cron_scoring.sql
SET
ALTER TABLE
CREATE INDEX
ALTER TABLE
COMMENT
CREATE FUNCTION
COMMENT
DO
DO
 recompute_waste_zone_scores 
-----------------------------
 
(1 row)

psql:C:/Users/User/barangayan/supabase/migrations/0077_waste_zone_cron_scoring.sql:96: NOTICE:  pg_cron extension unavailable in this environment — skipping scheduled job (recompute_waste_zone_scores() can still be called manually).

phase3_existing: 0078_registration_location_verification.sql
SET
ALTER TABLE
COMMENT
COMMENT
CREATE FUNCTION
COMMENT

phase3_existing: 0079_export_rate_limit.sql
SET
ALTER TABLE
COMMENT

phase3_existing: 0080_reports_unread_counts.sql
SET
ALTER TABLE
CREATE TABLE
ALTER TABLE
CREATE POLICY
ALTER PUBLICATION

phase3_existing: 0081_resident_profile_field_split.sql
SET
ALTER TABLE
COMMENT
COMMENT
COMMENT
COMMENT
COMMENT
COMMENT
COMMENT
COMMENT
COMMENT
COMMENT
CREATE FUNCTION
COMMENT
DROP TRIGGER
CREATE TRIGGER
CREATE FUNCTION
COMMENT
psql:C:/Users/User/barangayan/supabase/migrations/0081_resident_profile_field_split.sql:122: NOTICE:  trigger "compose_profiles_display_fields" for relation "public.profiles" does not exist, skipping

phase3_existing: 0082_remove_delivery_add_pickup.sql
SET
ALTER TABLE
ALTER TABLE
UPDATE 0
UPDATE 0
ALTER TABLE
ALTER TABLE
CREATE FUNCTION
DROP FUNCTION
CREATE FUNCTION
CREATE FUNCTION
DO
DO
UPDATE 0
UPDATE 0
ALTER TABLE
ALTER TABLE
CREATE FUNCTION
ALTER TABLE
ALTER TABLE
COMMENT

phase3_existing: 0083_incident_location_details.sql
SET
ALTER TABLE
COMMENT
COMMENT

phase3_existing: 0084_announcement_detailed_description.sql
SET
ALTER TABLE
COMMENT

phase3_existing: 0085_resident_mark_resolved_incident_read.sql
SET
CREATE POLICY

phase3_existing: 0086_about_us_logo_size.sql
SET
ALTER TABLE
CREATE FUNCTION
GRANT

phase3_existing: 0087_about_us_title.sql
SET
ALTER TABLE
CREATE FUNCTION
GRANT

phase3_existing: 0088_faq_articles_guest_read.sql
SET
CREATE POLICY

phase3_existing: 0089_id_verification_failed_status.sql
SET
ALTER TABLE
ALTER TABLE
COMMENT
CREATE FUNCTION
COMMENT

phase3_existing: 0090_location_verification.sql
SET
ALTER TABLE
COMMENT
COMMENT

phase3_existing: 0091_verified_location_address.sql
SET
ALTER TABLE
COMMENT

phase3_existing: 0092_drive_registrations_admin_update.sql
SET
CREATE POLICY

phase3_existing: 0093_resident_ios_backend_safety.sql
SET
CREATE FUNCTION
DROP TRIGGER
CREATE TRIGGER
CREATE FUNCTION
CREATE FUNCTION
CREATE FUNCTION
REVOKE
REVOKE
REVOKE
GRANT
GRANT
GRANT
DROP POLICY
CREATE POLICY
ALTER TABLE
CREATE INDEX
COMMENT

phase3_existing: 0094_resident_ios_tenant_write_guards.sql
SET
CREATE FUNCTION
DROP TRIGGER
CREATE TRIGGER
CREATE FUNCTION
DROP TRIGGER
CREATE TRIGGER
COMMENT
COMMENT
psql:C:/Users/User/barangayan/supabase/migrations/0094_resident_ios_tenant_write_guards.sql:32: NOTICE:  trigger "guard_drive_registration_tenant" for relation "public.drive_registrations" does not exist, skipping
psql:C:/Users/User/barangayan/supabase/migrations/0094_resident_ios_tenant_write_guards.sql:66: NOTICE:  trigger "guard_evacuation_checkin_tenant" for relation "public.evacuation_center_checkins" does not exist, skipping

phase3_existing: 20261001030133_phase1_shared_foundations.sql
SET
BEGIN
CREATE SCHEMA
REVOKE
GRANT
CREATE TABLE
INSERT 0 0
ALTER TABLE
REVOKE
GRANT
CREATE POLICY
ALTER TABLE
CREATE TABLE
ALTER TABLE
REVOKE
GRANT
CREATE POLICY
ALTER TABLE
ALTER TABLE
CREATE INDEX
CREATE INDEX
CREATE INDEX
CREATE INDEX
CREATE INDEX
CREATE TABLE
CREATE INDEX
CREATE INDEX
CREATE INDEX
ALTER TABLE
REVOKE
GRANT
CREATE POLICY
CREATE TABLE
CREATE INDEX
ALTER TABLE
REVOKE
GRANT
CREATE POLICY
INSERT 0 1
CREATE POLICY
CREATE POLICY
CREATE POLICY
ALTER POLICY
ALTER POLICY
CREATE POLICY
CREATE FUNCTION
CREATE FUNCTION
CREATE FUNCTION
CREATE FUNCTION
CREATE FUNCTION
CREATE TRIGGER
CREATE FUNCTION
CREATE TRIGGER
CREATE FUNCTION
CREATE TRIGGER
DROP TRIGGER
CREATE TRIGGER
CREATE FUNCTION
CREATE FUNCTION
CREATE FUNCTION
CREATE FUNCTION
CREATE FUNCTION
CREATE FUNCTION
CREATE FUNCTION
CREATE FUNCTION
CREATE FUNCTION
CREATE TRIGGER
CREATE FUNCTION
CREATE FUNCTION
CREATE FUNCTION
CREATE FUNCTION
CREATE FUNCTION
CREATE FUNCTION
REVOKE
GRANT
REVOKE
GRANT
REVOKE
GRANT
GRANT
COMMENT
COMMENT
COMMENT
COMMIT

phase3_existing: Legacy approval fixtures
SET
INSERT 0 1
INSERT 0 2
INSERT 0 2
INSERT 0 2
INSERT 0 1
INSERT 0 2
 set_config 
------------
 true
(1 row)

UPDATE 1
UPDATE 1
INSERT 0 2
UPDATE 1
INSERT 0 1
INSERT 0 1
INSERT 0 1
INSERT 0 1
INSERT 0 3
INSERT 0 3
INSERT 0 4

phase3_existing: 20261001145422_phase2_trusted_evidence_locality.sql
SET
BEGIN
ALTER TABLE
DO
ALTER TABLE
DO
CREATE POLICY
CREATE POLICY
CREATE FUNCTION
REVOKE
CREATE TRIGGER
CREATE FUNCTION
UPDATE 3
CREATE FUNCTION
REVOKE
CREATE TRIGGER
CREATE FUNCTION
REVOKE
CREATE TRIGGER
COMMIT

phase3_existing: Pilot historical requests and payments
SET
INSERT 0 3
INSERT 0 3
INSERT 0 2

phase3_existing: snapshot barangays
[{"id": "a2000000-0000-0000-0000-000000000001", "name": "Barangay Ampid I", "config": {}, "boundary": null, "created_at": "2026-10-03T19:04:38.912435+08:00", "updated_at": "2026-10-03T19:04:38.912435+08:00"}, {"id": "a3000000-0000-0000-0000-000000000001", "name": "Historical Other Tenant", "config": {"keep": "unchanged"}, "boundary": null, "created_at": "2026-10-03T19:04:38.844526+08:00", "updated_at": "2026-10-03T19:04:38.844526+08:00"}]

phase3_existing: snapshot profiles
[{"id": "b2000000-0000-0000-0000-000000000001", "sex": null, "city": "San Mateo", "role": "resident", "email": null, "street": null, "suffix": null, "id_type": "Passport", "house_no": null, "province": "Rizal", "full_name": "Complete Legacy", "last_name": null, "avatar_url": null, "birth_date": null, "created_at": "2026-10-03T19:04:38.916037+08:00", "deleted_at": null, "first_name": null, "occupation": null, "updated_at": "2026-10-03T19:04:39.038355+08:00", "barangay_id": "a2000000-0000-0000-0000-000000000001", "middle_name": null, "accent_color": "#0F6E5B", "home_address": "Legacy free text retained exactly", "id_photo_urls": ["b2000000-0000-0000-0000-000000000001/id-front.jpg", "b2000000-0000-0000-0000-000000000001/id-back.jpg"], "mobile_number": null, "font_preference": "system", "theme_preference": "system", "email_verified_at": null, "employment_status": null, "household_members": [], "location_verified": null, "verified_location": null, "id_repair_required": false, "last_data_export_at": null, "custom_accent_colors": [], "location_verified_at": null, "profile_completed_at": null, "registration_location": null, "id_verification_status": "verified", "current_id_submission_id": "d84f0790-a123-49ca-80eb-15b109c34002", "approved_id_submission_id": "d84f0790-a123-49ca-80eb-15b109c34002", "email_verification_status": "unavailable", "verified_location_address": null, "push_notifications_enabled": true, "email_verification_requested_at": null}, {"id": "b2000000-0000-0000-0000-000000000002", "sex": null, "city": "San Mateo", "role": "resident", "email": null, "street": null, "suffix": null, "id_type": "Passport", "house_no": null, "province": "Rizal", "full_name": "Missing Legacy", "last_name": null, "avatar_url": null, "birth_date": null, "created_at": "2026-10-03T19:04:38.916037+08:00", "deleted_at": null, "first_name": null, "occupation": null, "updated_at": "2026-10-03T19:04:39.038355+08:00", "barangay_id": "a2000000-0000-0000-0000-000000000001", "middle_name": null, "accent_color": "#0F6E5B", "home_address": "Another unsplittable address", "id_photo_urls": ["b2000000-0000-0000-0000-000000000002/missing-front.jpg", "b2000000-0000-0000-0000-000000000002/missing-back.jpg"], "mobile_number": null, "font_preference": "system", "theme_preference": "system", "email_verified_at": null, "employment_status": null, "household_members": [], "location_verified": null, "verified_location": null, "id_repair_required": true, "last_data_export_at": null, "custom_accent_colors": [], "location_verified_at": null, "profile_completed_at": null, "registration_location": null, "id_verification_status": "verified", "current_id_submission_id": null, "approved_id_submission_id": null, "email_verification_status": "unavailable", "verified_location_address": null, "push_notifications_enabled": true, "email_verification_requested_at": null}, {"id": "b2000000-0000-0000-0000-000000000003", "sex": null, "city": "San Mateo", "role": "resident", "email": null, "street": null, "suffix": null, "id_type": "Passport", "house_no": null, "province": "Rizal", "full_name": "Pending Legacy", "last_name": null, "avatar_url": null, "birth_date": null, "created_at": "2026-10-03T19:04:38.916037+08:00", "deleted_at": null, "first_name": null, "occupation": null, "updated_at": "2026-10-03T19:04:39.038355+08:00", "barangay_id": "a2000000-0000-0000-0000-000000000001", "middle_name": null, "accent_color": "#0F6E5B", "home_address": "Pending free text", "id_photo_urls": ["b2000000-0000-0000-0000-000000000003/id-front.jpg", "b2000000-0000-0000-0000-000000000003/id-back.jpg"], "mobile_number": null, "font_preference": "system", "theme_preference": "system", "email_verified_at": null, "employment_status": null, "household_members": [], "location_verified": null, "verified_location": null, "id_repair_required": false, "last_data_export_at": null, "custom_accent_colors": [], "location_verified_at": null, "profile_completed_at": null, "registration_location": null, "id_verification_status": "pending", "current_id_submission_id": "024e370e-ba03-4953-ae5f-be05776505ae", "approved_id_submission_id": null, "email_verification_status": "unavailable", "verified_location_address": null, "push_notifications_enabled": true, "email_verification_requested_at": null}, {"id": "b3000000-0000-0000-0000-000000000001", "sex": null, "city": null, "role": "resident", "email": null, "street": null, "suffix": null, "id_type": "Passport", "house_no": null, "province": null, "full_name": "Unsplit Historical Name", "last_name": null, "avatar_url": null, "birth_date": null, "created_at": "2026-10-03T19:04:38.851375+08:00", "deleted_at": null, "first_name": null, "occupation": null, "updated_at": "2026-10-03T19:04:38.851375+08:00", "barangay_id": "a3000000-0000-0000-0000-000000000001", "middle_name": null, "accent_color": "#0F6E5B", "home_address": "Unstructured address, preserved verbatim", "id_photo_urls": ["b3000000-0000-0000-0000-000000000001/old-front.jpg", "b3000000-0000-0000-0000-000000000001/old-back.jpg"], "mobile_number": null, "font_preference": "system", "theme_preference": "system", "email_verified_at": null, "employment_status": null, "household_members": [], "location_verified": null, "verified_location": null, "id_repair_required": false, "last_data_export_at": null, "custom_accent_colors": [], "location_verified_at": null, "profile_completed_at": null, "registration_location": null, "id_verification_status": "verified", "current_id_submission_id": null, "approved_id_submission_id": null, "email_verification_status": "unavailable", "verified_location_address": null, "push_notifications_enabled": true, "email_verification_requested_at": null}, {"id": "b3000000-0000-0000-0000-000000000002", "sex": null, "city": null, "role": "admin", "email": null, "street": null, "suffix": null, "id_type": null, "house_no": null, "province": null, "full_name": "Historical Administrator", "last_name": null, "avatar_url": null, "birth_date": null, "created_at": "2026-10-03T19:04:38.851375+08:00", "deleted_at": null, "first_name": null, "occupation": null, "updated_at": "2026-10-03T19:04:38.851375+08:00", "barangay_id": "a3000000-0000-0000-0000-000000000001", "middle_name": null, "accent_color": "#0F6E5B", "home_address": null, "id_photo_urls": [], "mobile_number": null, "font_preference": "system", "theme_preference": "system", "email_verified_at": null, "employment_status": null, "household_members": [], "location_verified": null, "verified_location": null, "id_repair_required": false, "last_data_export_at": null, "custom_accent_colors": [], "location_verified_at": null, "profile_completed_at": null, "registration_location": null, "id_verification_status": null, "current_id_submission_id": null, "approved_id_submission_id": null, "email_verification_status": "unavailable", "verified_location_address": null, "push_notifications_enabled": true, "email_verification_requested_at": null}]

phase3_existing: snapshot document_types
[{"id": "d2000000-0000-0000-0000-000000000001", "name": "Certificate of Indigency", "charter": null, "purposes": [], "is_active": true, "created_at": "2026-10-03T19:04:39.21313+08:00", "deleted_at": null, "barangay_id": "a2000000-0000-0000-0000-000000000001", "description": null, "fee_centavos": 5000, "pricing_mode": "fixed", "requirements": [], "service_kind": null, "contract_version": 1, "requirement_rules": {}, "processing_target_hours": 24, "processing_target_minutes": null}, {"id": "d2000000-0000-0000-0000-000000000002", "name": "Barangay Clearance", "charter": null, "purposes": [], "is_active": true, "created_at": "2026-10-03T19:04:39.21313+08:00", "deleted_at": null, "barangay_id": "a2000000-0000-0000-0000-000000000001", "description": null, "fee_centavos": 7500, "pricing_mode": "fixed", "requirements": [], "service_kind": null, "contract_version": 1, "requirement_rules": {}, "processing_target_hours": 24, "processing_target_minutes": null}, {"id": "d2000000-0000-0000-0000-000000000003", "name": "Reproduction or Photocopy of Barangay Records, Data, and Similar Documents (Certified True Copy)", "charter": null, "purposes": [], "is_active": true, "created_at": "2026-10-03T19:04:39.21313+08:00", "deleted_at": null, "barangay_id": "a2000000-0000-0000-0000-000000000001", "description": null, "fee_centavos": 2500, "pricing_mode": "fixed", "requirements": [], "service_kind": null, "contract_version": 1, "requirement_rules": {}, "processing_target_hours": 24, "processing_target_minutes": null}, {"id": "d3000000-0000-0000-0000-000000000001", "name": "Historical inactive service", "charter": null, "purposes": [], "is_active": false, "created_at": "2026-10-03T19:04:38.876002+08:00", "deleted_at": null, "barangay_id": "a3000000-0000-0000-0000-000000000001", "description": null, "fee_centavos": 12500, "pricing_mode": "fixed", "requirements": [], "service_kind": null, "contract_version": 1, "requirement_rules": {}, "processing_target_hours": 48, "processing_target_minutes": null}]

phase3_existing: snapshot service_requests
[{"id": "c2000000-0000-0000-0000-000000000001", "status": "submitted", "ready_at": null, "fee_basis": null, "sla_state": "legacy", "created_at": "2024-01-01T08:00:00+08:00", "deleted_at": null, "updated_at": "2026-10-03T19:04:39.234528+08:00", "accepted_at": null, "barangay_id": "a2000000-0000-0000-0000-000000000001", "released_at": null, "resident_id": "b2000000-0000-0000-0000-000000000001", "cancelled_at": null, "purpose_code": null, "timing_model": "legacy_hours", "purpose_label": null, "billable_pages": null, "payment_method": null, "payment_status": "paid", "status_history": [{"at": "2026-10-03T19:04:39.221778+08:00", "note": "Request submitted", "status": "submitted"}], "fee_assessed_at": null, "fee_assessed_by": null, "idempotency_key": null, "requester_notes": null, "contract_version": 1, "document_type_id": "d2000000-0000-0000-0000-000000000001", "id_document_path": null, "reference_number": "REQ-2026-00003", "submission_payload": null, "supporting_details": null, "purpose_explanation": null, "fee_assessment_state": "legacy", "pricing_mode_snapshot": null, "personal_appearance_at": null, "target_minutes_snapshot": null, "assessed_amount_centavos": null, "approved_id_submission_id": null, "requirements_review_state": "legacy", "personal_appearance_required": false}, {"id": "c2000000-0000-0000-0000-000000000002", "status": "submitted", "ready_at": null, "fee_basis": null, "sla_state": "legacy", "created_at": "2024-02-01T08:00:00+08:00", "deleted_at": null, "updated_at": "2026-10-03T19:04:39.234528+08:00", "accepted_at": null, "barangay_id": "a2000000-0000-0000-0000-000000000001", "released_at": null, "resident_id": "b2000000-0000-0000-0000-000000000001", "cancelled_at": null, "purpose_code": null, "timing_model": "legacy_hours", "purpose_label": null, "billable_pages": null, "payment_method": null, "payment_status": "paid", "status_history": [{"at": "2026-10-03T19:04:39.221778+08:00", "note": "Request submitted", "status": "submitted"}], "fee_assessed_at": null, "fee_assessed_by": null, "idempotency_key": null, "requester_notes": null, "contract_version": 1, "document_type_id": "d2000000-0000-0000-0000-000000000002", "id_document_path": null, "reference_number": "REQ-2026-00004", "submission_payload": null, "supporting_details": null, "purpose_explanation": null, "fee_assessment_state": "legacy", "pricing_mode_snapshot": null, "personal_appearance_at": null, "target_minutes_snapshot": null, "assessed_amount_centavos": null, "approved_id_submission_id": null, "requirements_review_state": "legacy", "personal_appearance_required": false}, {"id": "c2000000-0000-0000-0000-000000000003", "status": "submitted", "ready_at": null, "fee_basis": null, "sla_state": "legacy", "created_at": "2024-03-01T08:00:00+08:00", "deleted_at": null, "updated_at": "2026-10-03T19:04:39.221778+08:00", "accepted_at": null, "barangay_id": "a2000000-0000-0000-0000-000000000001", "released_at": null, "resident_id": "b2000000-0000-0000-0000-000000000001", "cancelled_at": null, "purpose_code": null, "timing_model": "legacy_hours", "purpose_label": null, "billable_pages": null, "payment_method": null, "payment_status": "pending", "status_history": [{"at": "2026-10-03T19:04:39.221778+08:00", "note": "Request submitted", "status": "submitted"}], "fee_assessed_at": null, "fee_assessed_by": null, "idempotency_key": null, "requester_notes": null, "contract_version": 1, "document_type_id": "d2000000-0000-0000-0000-000000000003", "id_document_path": null, "reference_number": "REQ-2026-00005", "submission_payload": null, "supporting_details": null, "purpose_explanation": null, "fee_assessment_state": "legacy", "pricing_mode_snapshot": null, "personal_appearance_at": null, "target_minutes_snapshot": null, "assessed_amount_centavos": null, "approved_id_submission_id": null, "requirements_review_state": "legacy", "personal_appearance_required": false}, {"id": "c3000000-0000-0000-0000-000000000001", "status": "completed", "ready_at": null, "fee_basis": null, "sla_state": "legacy", "created_at": "2024-01-01T08:00:00+08:00", "deleted_at": null, "updated_at": "2026-10-03T19:04:38.893471+08:00", "accepted_at": null, "barangay_id": "a3000000-0000-0000-0000-000000000001", "released_at": null, "resident_id": "b3000000-0000-0000-0000-000000000001", "cancelled_at": null, "purpose_code": null, "timing_model": "legacy_hours", "purpose_label": null, "billable_pages": null, "payment_method": null, "payment_status": "paid", "status_history": [{"at": "2026-10-03T19:04:38.879548+08:00", "note": "Request submitted", "status": "submitted"}, {"at": "2026-10-03T19:04:38.890186+08:00", "note": null, "status": "completed"}], "fee_assessed_at": null, "fee_assessed_by": null, "idempotency_key": null, "requester_notes": null, "contract_version": 1, "document_type_id": "d3000000-0000-0000-0000-000000000001", "id_document_path": null, "reference_number": "REQ-2026-00001", "submission_payload": null, "supporting_details": null, "purpose_explanation": null, "fee_assessment_state": "legacy", "pricing_mode_snapshot": null, "personal_appearance_at": null, "target_minutes_snapshot": null, "assessed_amount_centavos": null, "approved_id_submission_id": null, "requirements_review_state": "legacy", "personal_appearance_required": false}, {"id": "c3000000-0000-0000-0000-000000000002", "status": "cancelled", "ready_at": null, "fee_basis": null, "sla_state": "legacy", "created_at": "2024-02-01T08:00:00+08:00", "deleted_at": null, "updated_at": "2026-10-03T19:04:38.893471+08:00", "accepted_at": null, "barangay_id": "a3000000-0000-0000-0000-000000000001", "released_at": null, "resident_id": "b3000000-0000-0000-0000-000000000001", "cancelled_at": null, "purpose_code": null, "timing_model": "legacy_hours", "purpose_label": null, "billable_pages": null, "payment_method": null, "payment_status": "refunded", "status_history": [{"at": "2026-10-03T19:04:38.879548+08:00", "note": "Request submitted", "status": "submitted"}, {"at": "2026-10-03T19:04:38.892481+08:00", "note": null, "status": "cancelled"}], "fee_assessed_at": null, "fee_assessed_by": null, "idempotency_key": null, "requester_notes": null, "contract_version": 1, "document_type_id": "d3000000-0000-0000-0000-000000000001", "id_document_path": null, "reference_number": "REQ-2026-00002", "submission_payload": null, "supporting_details": null, "purpose_explanation": null, "fee_assessment_state": "legacy", "pricing_mode_snapshot": null, "personal_appearance_at": null, "target_minutes_snapshot": null, "assessed_amount_centavos": null, "approved_id_submission_id": null, "requirements_review_state": "legacy", "personal_appearance_required": false}]

phase3_existing: snapshot payments
[{"id": "e2000000-0000-0000-0000-000000000001", "method": "pickup", "status": "paid", "paid_at": null, "created_at": "2026-10-03T19:04:39.234528+08:00", "deleted_at": null, "expires_at": null, "updated_at": "2026-10-03T19:04:39.234528+08:00", "barangay_id": "a2000000-0000-0000-0000-000000000001", "refunded_at": null, "refunded_by": null, "collected_by": null, "qr_image_url": null, "refund_reason": null, "refund_status": "none", "amount_centavos": 5000, "qrph_creation_key": null, "paymongo_source_id": null, "service_request_id": "c2000000-0000-0000-0000-000000000001", "paymongo_payment_id": null, "refund_transfer_link": null, "document_fee_centavos": 5000, "refund_amount_centavos": null, "paymongo_payment_intent_id": null}, {"id": "e2000000-0000-0000-0000-000000000002", "method": "qrph", "status": "paid", "paid_at": null, "created_at": "2026-10-03T19:04:39.234528+08:00", "deleted_at": null, "expires_at": null, "updated_at": "2026-10-03T19:04:39.234528+08:00", "barangay_id": "a2000000-0000-0000-0000-000000000001", "refunded_at": null, "refunded_by": null, "collected_by": null, "qr_image_url": null, "refund_reason": null, "refund_status": "none", "amount_centavos": 7500, "qrph_creation_key": null, "paymongo_source_id": null, "service_request_id": "c2000000-0000-0000-0000-000000000002", "paymongo_payment_id": null, "refund_transfer_link": null, "document_fee_centavos": 7500, "refund_amount_centavos": null, "paymongo_payment_intent_id": null}, {"id": "e3000000-0000-0000-0000-000000000001", "method": "pickup", "status": "paid", "paid_at": null, "created_at": "2026-10-03T19:04:38.893471+08:00", "deleted_at": null, "expires_at": null, "updated_at": "2026-10-03T19:04:38.893471+08:00", "barangay_id": "a3000000-0000-0000-0000-000000000001", "refunded_at": null, "refunded_by": null, "collected_by": null, "qr_image_url": null, "refund_reason": null, "refund_status": "none", "amount_centavos": 12500, "qrph_creation_key": null, "paymongo_source_id": null, "service_request_id": "c3000000-0000-0000-0000-000000000001", "paymongo_payment_id": null, "refund_transfer_link": null, "document_fee_centavos": 12500, "refund_amount_centavos": null, "paymongo_payment_intent_id": null}, {"id": "e3000000-0000-0000-0000-000000000002", "method": "qrph", "status": "refunded", "paid_at": null, "created_at": "2026-10-03T19:04:38.893471+08:00", "deleted_at": null, "expires_at": null, "updated_at": "2026-10-03T19:04:38.893471+08:00", "barangay_id": "a3000000-0000-0000-0000-000000000001", "refunded_at": null, "refunded_by": null, "collected_by": null, "qr_image_url": null, "refund_reason": null, "refund_status": "none", "amount_centavos": 12500, "qrph_creation_key": null, "paymongo_source_id": null, "service_request_id": "c3000000-0000-0000-0000-000000000002", "paymongo_payment_id": null, "refund_transfer_link": null, "document_fee_centavos": 12500, "refund_amount_centavos": null, "paymongo_payment_intent_id": null}]

phase3_existing: snapshot drive_registrations
[{"id": "f3000000-0000-0000-0000-000000000002", "age": 70, "is_pwd": true, "status": "pending", "user_id": "b3000000-0000-0000-0000-000000000001", "drive_id": "f3000000-0000-0000-0000-000000000001", "created_at": "2026-10-03T19:04:38.906103+08:00", "updated_at": "2026-10-03T19:04:38.906103+08:00", "comorbidities": ["hypertension"], "priority_score": 90, "prior_dose_date": null, "applicant_number": "HIST-00001"}]

phase3_existing: snapshot household_members
[]

phase3_existing: 20261001160010_phase3_catalog_staff_workflows.sql
SET
BEGIN
ALTER TABLE
ALTER TABLE
UPDATE 3
ALTER TABLE
CREATE FUNCTION
CREATE FUNCTION
REVOKE
GRANT
CREATE FUNCTION
REVOKE
 configure_ampid_charter 
-------------------------
 
(1 row)

CREATE FUNCTION
CREATE FUNCTION
CREATE FUNCTION
CREATE INDEX
CREATE FUNCTION
REVOKE
CREATE TRIGGER
COMMIT

phase3_existing: 20261003084732_phase4_resident_submission_payment.sql
SET
BEGIN
CREATE TABLE
ALTER TABLE
REVOKE
CREATE FUNCTION
CREATE FUNCTION
REVOKE
GRANT
CREATE FUNCTION
CREATE FUNCTION
CREATE FUNCTION
REVOKE
GRANT
CREATE FUNCTION
CREATE FUNCTION
COMMIT

phase3_existing: snapshot barangays
[{"id": "a2000000-0000-0000-0000-000000000001", "name": "Barangay Ampid I", "config": {}, "boundary": null, "created_at": "2026-10-03T19:04:38.912435+08:00", "updated_at": "2026-10-03T19:04:38.912435+08:00"}, {"id": "a3000000-0000-0000-0000-000000000001", "name": "Historical Other Tenant", "config": {"keep": "unchanged"}, "boundary": null, "created_at": "2026-10-03T19:04:38.844526+08:00", "updated_at": "2026-10-03T19:04:38.844526+08:00"}]

phase3_existing: snapshot profiles
[{"id": "b2000000-0000-0000-0000-000000000001", "sex": null, "city": "San Mateo", "role": "resident", "email": null, "street": null, "suffix": null, "id_type": "Passport", "house_no": null, "province": "Rizal", "full_name": "Complete Legacy", "last_name": null, "avatar_url": null, "birth_date": null, "created_at": "2026-10-03T19:04:38.916037+08:00", "deleted_at": null, "first_name": null, "occupation": null, "updated_at": "2026-10-03T19:04:39.038355+08:00", "barangay_id": "a2000000-0000-0000-0000-000000000001", "middle_name": null, "accent_color": "#0F6E5B", "home_address": "Legacy free text retained exactly", "id_photo_urls": ["b2000000-0000-0000-0000-000000000001/id-front.jpg", "b2000000-0000-0000-0000-000000000001/id-back.jpg"], "mobile_number": null, "font_preference": "system", "theme_preference": "system", "email_verified_at": null, "employment_status": null, "household_members": [], "location_verified": null, "verified_location": null, "id_repair_required": false, "last_data_export_at": null, "custom_accent_colors": [], "location_verified_at": null, "profile_completed_at": null, "registration_location": null, "id_verification_status": "verified", "current_id_submission_id": "d84f0790-a123-49ca-80eb-15b109c34002", "approved_id_submission_id": "d84f0790-a123-49ca-80eb-15b109c34002", "email_verification_status": "unavailable", "verified_location_address": null, "push_notifications_enabled": true, "email_verification_requested_at": null}, {"id": "b2000000-0000-0000-0000-000000000002", "sex": null, "city": "San Mateo", "role": "resident", "email": null, "street": null, "suffix": null, "id_type": "Passport", "house_no": null, "province": "Rizal", "full_name": "Missing Legacy", "last_name": null, "avatar_url": null, "birth_date": null, "created_at": "2026-10-03T19:04:38.916037+08:00", "deleted_at": null, "first_name": null, "occupation": null, "updated_at": "2026-10-03T19:04:39.038355+08:00", "barangay_id": "a2000000-0000-0000-0000-000000000001", "middle_name": null, "accent_color": "#0F6E5B", "home_address": "Another unsplittable address", "id_photo_urls": ["b2000000-0000-0000-0000-000000000002/missing-front.jpg", "b2000000-0000-0000-0000-000000000002/missing-back.jpg"], "mobile_number": null, "font_preference": "system", "theme_preference": "system", "email_verified_at": null, "employment_status": null, "household_members": [], "location_verified": null, "verified_location": null, "id_repair_required": true, "last_data_export_at": null, "custom_accent_colors": [], "location_verified_at": null, "profile_completed_at": null, "registration_location": null, "id_verification_status": "verified", "current_id_submission_id": null, "approved_id_submission_id": null, "email_verification_status": "unavailable", "verified_location_address": null, "push_notifications_enabled": true, "email_verification_requested_at": null}, {"id": "b2000000-0000-0000-0000-000000000003", "sex": null, "city": "San Mateo", "role": "resident", "email": null, "street": null, "suffix": null, "id_type": "Passport", "house_no": null, "province": "Rizal", "full_name": "Pending Legacy", "last_name": null, "avatar_url": null, "birth_date": null, "created_at": "2026-10-03T19:04:38.916037+08:00", "deleted_at": null, "first_name": null, "occupation": null, "updated_at": "2026-10-03T19:04:39.038355+08:00", "barangay_id": "a2000000-0000-0000-0000-000000000001", "middle_name": null, "accent_color": "#0F6E5B", "home_address": "Pending free text", "id_photo_urls": ["b2000000-0000-0000-0000-000000000003/id-front.jpg", "b2000000-0000-0000-0000-000000000003/id-back.jpg"], "mobile_number": null, "font_preference": "system", "theme_preference": "system", "email_verified_at": null, "employment_status": null, "household_members": [], "location_verified": null, "verified_location": null, "id_repair_required": false, "last_data_export_at": null, "custom_accent_colors": [], "location_verified_at": null, "profile_completed_at": null, "registration_location": null, "id_verification_status": "pending", "current_id_submission_id": "024e370e-ba03-4953-ae5f-be05776505ae", "approved_id_submission_id": null, "email_verification_status": "unavailable", "verified_location_address": null, "push_notifications_enabled": true, "email_verification_requested_at": null}, {"id": "b3000000-0000-0000-0000-000000000001", "sex": null, "city": null, "role": "resident", "email": null, "street": null, "suffix": null, "id_type": "Passport", "house_no": null, "province": null, "full_name": "Unsplit Historical Name", "last_name": null, "avatar_url": null, "birth_date": null, "created_at": "2026-10-03T19:04:38.851375+08:00", "deleted_at": null, "first_name": null, "occupation": null, "updated_at": "2026-10-03T19:04:38.851375+08:00", "barangay_id": "a3000000-0000-0000-0000-000000000001", "middle_name": null, "accent_color": "#0F6E5B", "home_address": "Unstructured address, preserved verbatim", "id_photo_urls": ["b3000000-0000-0000-0000-000000000001/old-front.jpg", "b3000000-0000-0000-0000-000000000001/old-back.jpg"], "mobile_number": null, "font_preference": "system", "theme_preference": "system", "email_verified_at": null, "employment_status": null, "household_members": [], "location_verified": null, "verified_location": null, "id_repair_required": false, "last_data_export_at": null, "custom_accent_colors": [], "location_verified_at": null, "profile_completed_at": null, "registration_location": null, "id_verification_status": "verified", "current_id_submission_id": null, "approved_id_submission_id": null, "email_verification_status": "unavailable", "verified_location_address": null, "push_notifications_enabled": true, "email_verification_requested_at": null}, {"id": "b3000000-0000-0000-0000-000000000002", "sex": null, "city": null, "role": "admin", "email": null, "street": null, "suffix": null, "id_type": null, "house_no": null, "province": null, "full_name": "Historical Administrator", "last_name": null, "avatar_url": null, "birth_date": null, "created_at": "2026-10-03T19:04:38.851375+08:00", "deleted_at": null, "first_name": null, "occupation": null, "updated_at": "2026-10-03T19:04:38.851375+08:00", "barangay_id": "a3000000-0000-0000-0000-000000000001", "middle_name": null, "accent_color": "#0F6E5B", "home_address": null, "id_photo_urls": [], "mobile_number": null, "font_preference": "system", "theme_preference": "system", "email_verified_at": null, "employment_status": null, "household_members": [], "location_verified": null, "verified_location": null, "id_repair_required": false, "last_data_export_at": null, "custom_accent_colors": [], "location_verified_at": null, "profile_completed_at": null, "registration_location": null, "id_verification_status": null, "current_id_submission_id": null, "approved_id_submission_id": null, "email_verification_status": "unavailable", "verified_location_address": null, "push_notifications_enabled": true, "email_verification_requested_at": null}]

phase3_existing: snapshot document_types
[{"id": "50db9dcd-9012-4848-b9f2-d422e778cb84", "name": "First Time Job Seeker", "charter": {"clientSteps": "1. Filling up of the Applied form\n2. Submit the required documents to the assigned clerk.\n3. Pay the required fees at the treasurers/cashiers office. Make sure to secure Official Receipt that will be issued upon payment.\n4. Return to the assigned clerk for the release of clearance/certification", "whoMayAvail": "RESIDENTS", "feesToBePaid": "₱100.00 / *NO FEES. Charter total: ₱100.00. The supplied page does not explain the distinction; staff must confirm the fee or applicable exemption before payment.", "agencyActions": "1. Take and check the filled up form\n2. Issue the order of payment if all documents were given\n3. Start processing the request.\n4. Issue the official receipt.\n5. Check the official receipt.\n6. Issue the Certificate or Clearance to the client.", "classification": "Simple", "officeDivision": "Treasurer's Office/Punong Barangay Office", "processingTime": "Grouped durations shown in the charter: 2 mins, 3 mins, 4 mins, 2 mins, 2 mins, 2 mins.\nTOTAL: 15 MINS. The source does not establish individual action/person assignments.", "transactionType": "G2C", "personResponsible": "Brgy. Treasurer\nBrgy. Clerk\nBrgy. Secretary/PB/Authorized Signing Official", "checklistOfRequirements": "1. VALID ID/HOA CERTIFICATE (6 MONTHS RESIDENCY)\n2. PERSONAL APPEARANCE\n3. FOR TRANSCIENTS/RENTERS – ENDORSEMENT FROM THE LESSOR", "whereToSecureRequirements": "TREASURER'S OFFICE/OFFICE OF THE PUNONG BARANGAY/SECRETARY"}, "purposes": [{"code": "first_employment", "label": "First employment application", "requiresExplanation": false}, {"code": "pre_employment", "label": "Pre-employment documentary requirements", "requiresExplanation": false}, {"code": "others", "label": "Others", "requiresExplanation": true}], "is_active": true, "created_at": "2026-10-03T19:04:40.250301+08:00", "deleted_at": null, "barangay_id": "a2000000-0000-0000-0000-000000000001", "description": "Certificate for residents seeking first employment. Staff confirm eligibility and the applicable exemption.", "fee_centavos": 0, "pricing_mode": "assessment", "requirements": ["Valid ID/HOA certificate (6 months residency)", "Personal appearance", "Lessor endorsement for transients/renters"], "service_kind": "first_time_job_seeker", "contract_version": 2, "requirement_rules": {"dtiRequired": false, "hoaRequired": false, "lessorForRenter": true, "personalAppearance": true}, "processing_target_hours": 24, "processing_target_minutes": 15}, {"id": "bbd3d270-287b-4e94-a130-478fd66c5bea", "name": "Issuance of Barangay Clearance for Business Establishments", "charter": {"clientSteps": "1. Fill up the necessary and applicable form for your request document\n2. Submit the required documents to the assigned clerk.\n3. Pay the required fees at the treasurer's office. Make sure to secure Official Receipt that will be issued upon payment.\n4. Return to the assigned clerk for the release of clearance/certification", "whoMayAvail": "ALL", "feesToBePaid": "See Attached Tax Code (depends on the kind of transaction). The tax code is absent from the supplied PDF; staff assessment is required.", "agencyActions": "1. Give the Log Book to the Client.\n2. Issue the order of payment if all documents were given\n3. Start processing the request.\n4. Issue the official receipt.\n5. Check the official receipt.\n6. Issue the Certificate or Clearance to the client.", "classification": "Simple", "officeDivision": "Treasurer's Office", "processingTime": "Grouped durations shown in the charter: 2 mins, 3 mins, 4 mins, 2 mins, 2 mins, 2 mins.\nTOTAL: 15 MINS. The source does not establish individual action/person assignments.", "transactionType": "G2C", "personResponsible": "Brgy. Treasurer/Collecting staff\nBrgy. Clerk\nBrgy. Secretary/PB/Authorized Signing Official", "checklistOfRequirements": "1. DTI\n2. VALID ID\n3. PERSONAL APPEARANCE", "whereToSecureRequirements": "TREASURER'S OFFICE"}, "purposes": [{"code": "new_business", "label": "New business permit application", "requiresExplanation": false}, {"code": "renewal", "label": "Business permit renewal", "requiresExplanation": false}, {"code": "others", "label": "Others", "requiresExplanation": true}], "is_active": true, "created_at": "2026-10-03T19:04:40.250301+08:00", "deleted_at": null, "barangay_id": "a2000000-0000-0000-0000-000000000001", "description": "Clearance for business establishments. Staff assess fees using the applicable tax code.", "fee_centavos": 0, "pricing_mode": "assessment", "requirements": ["DTI", "Verified valid ID", "Personal appearance"], "service_kind": "business", "contract_version": 2, "requirement_rules": {"dtiRequired": true, "hoaRequired": false, "lessorForRenter": false, "personalAppearance": true}, "processing_target_hours": 24, "processing_target_minutes": 15}, {"id": "d2000000-0000-0000-0000-000000000001", "name": "Certificate of Indigency", "charter": {"clientSteps": "1. Filling up of the Applied form\n2. Submit the required documents to the assigned clerk.\n3. Pay the required fees at the treasurers/cashiers office. Make sure to secure Official Receipt that will be issued upon payment.\n4. Return to the assigned clerk for the release of clearance/certification", "whoMayAvail": "RESIDENTS", "feesToBePaid": "₱100.00 / *NO FEES. Charter total: ₱100.00. The supplied page does not explain the distinction; staff must confirm the fee or applicable exemption before payment.", "agencyActions": "1. Take and check the filled up form\n2. Issue the order of payment if all documents were given\n3. Start processing the request.\n4. Issue the official receipt.\n5. Check the official receipt.\n6. Issue the Certificate or Clearance to the client.", "classification": "Simple", "officeDivision": "Treasurer's Office/Punong Barangay Office", "processingTime": "Grouped durations shown in the charter: 2 mins, 3 mins, 4 mins, 2 mins, 2 mins, 2 mins.\nTOTAL: 15 MINS. The source does not establish individual action/person assignments.", "transactionType": "G2C", "personResponsible": "Brgy. Treasurer\nBrgy. Clerk\nBrgy. Secretary/PB/Authorized Signing Official", "checklistOfRequirements": "1. VALID ID/HOA CERTIFICATE (6 MONTHS RESIDENCY)\n2. PERSONAL APPEARANCE\n3. FOR TRANSCIENTS/RENTERS – ENDORSEMENT FROM THE LESSOR", "whereToSecureRequirements": "TREASURER'S OFFICE/OFFICE OF THE PUNONG BARANGAY/SECRETARY"}, "purposes": [{"code": "medical", "label": "Medical assistance", "requiresExplanation": false}, {"code": "education", "label": "Educational assistance", "requiresExplanation": false}, {"code": "burial", "label": "Burial/funeral assistance", "requiresExplanation": false}, {"code": "welfare", "label": "Financial or social welfare assistance", "requiresExplanation": false}, {"code": "others", "label": "Others", "requiresExplanation": true}], "is_active": true, "created_at": "2026-10-03T19:04:39.21313+08:00", "deleted_at": null, "barangay_id": "a2000000-0000-0000-0000-000000000001", "description": "Certificate for residents. Staff confirm eligibility, six-month residency and the applicable fee or exemption.", "fee_centavos": 5000, "pricing_mode": "assessment", "requirements": ["Valid ID/HOA certificate (6 months residency)", "Personal appearance", "Lessor endorsement for transients/renters"], "service_kind": "indigency", "contract_version": 2, "requirement_rules": {"dtiRequired": false, "hoaRequired": false, "lessorForRenter": true, "personalAppearance": true}, "processing_target_hours": 24, "processing_target_minutes": 15}, {"id": "d2000000-0000-0000-0000-000000000002", "name": "Barangay Clearance", "charter": null, "purposes": [], "is_active": false, "created_at": "2026-10-03T19:04:39.21313+08:00", "deleted_at": null, "barangay_id": "a2000000-0000-0000-0000-000000000001", "description": null, "fee_centavos": 7500, "pricing_mode": "fixed", "requirements": [], "service_kind": null, "contract_version": 1, "requirement_rules": {}, "processing_target_hours": 24, "processing_target_minutes": null}, {"id": "d2000000-0000-0000-0000-000000000003", "name": "Reproduction or Photocopy of Barangay Records, Data, and Similar Documents (Certified True Copy)", "charter": {"clientSteps": "1. Filling up of the Applied form\n2. Pay the required fees at the treasurer's office. Make sure to secure Official Receipt that will be issued upon payment.\n3. Return to the assigned clerk for the release of clearance/certification", "whoMayAvail": "ALL", "feesToBePaid": "₱10.00 /page. TOTAL: ₱10.00 /PAGE. Staff confirm total billable pages across all requested copies.", "agencyActions": "1. Take and check the filled up form\n2. Issue the order of payment if all documents were given\n3. Start processing details.\n4. Issue the official receipt.\n5. Check the official receipt.\n6. Issue the documents needed by the client.", "classification": "Simple", "officeDivision": "Office of the Secretary/Treasurer's Office", "processingTime": "Grouped durations shown in the charter: 2 mins, 5 mins, 2 mins, 6 mins.\nTOTAL: 15 MINS. The source does not establish individual action/person assignments.", "transactionType": "G2C", "personResponsible": null, "checklistOfRequirements": "1. VALID ID\n3. PERSONAL APPEARANCE", "whereToSecureRequirements": "OFFICE OF THE PUNONG BARANGAY/SECRETARY"}, "purposes": [{"code": "government", "label": "Submission to a government office", "requiresExplanation": false}, {"code": "legal", "label": "Legal documentation", "requiresExplanation": false}, {"code": "reference", "label": "Official or administrative reference", "requiresExplanation": false}, {"code": "others", "label": "Others", "requiresExplanation": true}], "is_active": true, "created_at": "2026-10-03T19:04:39.21313+08:00", "deleted_at": null, "barangay_id": "a2000000-0000-0000-0000-000000000001", "description": "Certified copies of barangay records. ₱10 per total billable page confirmed by staff across all requested copies.", "fee_centavos": 1000, "pricing_mode": "per_page", "requirements": ["Verified valid ID", "Personal appearance"], "service_kind": "certified_true_copy", "contract_version": 2, "requirement_rules": {"dtiRequired": false, "hoaRequired": false, "lessorForRenter": false, "personalAppearance": true}, "processing_target_hours": 24, "processing_target_minutes": 15}, {"id": "d3000000-0000-0000-0000-000000000001", "name": "Historical inactive service", "charter": null, "purposes": [], "is_active": false, "created_at": "2026-10-03T19:04:38.876002+08:00", "deleted_at": null, "barangay_id": "a3000000-0000-0000-0000-000000000001", "description": null, "fee_centavos": 12500, "pricing_mode": "fixed", "requirements": [], "service_kind": null, "contract_version": 1, "requirement_rules": {}, "processing_target_hours": 48, "processing_target_minutes": null}]

phase3_existing: snapshot service_requests
[{"id": "c2000000-0000-0000-0000-000000000001", "status": "submitted", "ready_at": null, "fee_basis": null, "sla_state": "legacy", "created_at": "2024-01-01T08:00:00+08:00", "deleted_at": null, "updated_at": "2026-10-03T19:04:39.234528+08:00", "accepted_at": null, "barangay_id": "a2000000-0000-0000-0000-000000000001", "released_at": null, "resident_id": "b2000000-0000-0000-0000-000000000001", "cancelled_at": null, "purpose_code": null, "timing_model": "legacy_hours", "purpose_label": null, "billable_pages": null, "payment_method": null, "payment_status": "paid", "status_history": [{"at": "2026-10-03T19:04:39.221778+08:00", "note": "Request submitted", "status": "submitted"}], "fee_assessed_at": null, "fee_assessed_by": null, "idempotency_key": null, "requester_notes": null, "contract_version": 1, "document_type_id": "d2000000-0000-0000-0000-000000000001", "id_document_path": null, "reference_number": "REQ-2026-00003", "eligibility_state": "pending", "submission_payload": null, "supporting_details": null, "legacy_fee_centavos": 5000, "purpose_explanation": null, "fee_assessment_state": "legacy", "pricing_mode_snapshot": null, "personal_appearance_at": null, "target_minutes_snapshot": null, "assessed_amount_centavos": null, "requirements_review_note": null, "requirements_reviewed_at": null, "requirements_reviewed_by": null, "approved_id_submission_id": null, "requirements_review_state": "legacy", "personal_appearance_required": false, "personal_appearance_recorded_by": null}, {"id": "c2000000-0000-0000-0000-000000000002", "status": "submitted", "ready_at": null, "fee_basis": null, "sla_state": "legacy", "created_at": "2024-02-01T08:00:00+08:00", "deleted_at": null, "updated_at": "2026-10-03T19:04:39.234528+08:00", "accepted_at": null, "barangay_id": "a2000000-0000-0000-0000-000000000001", "released_at": null, "resident_id": "b2000000-0000-0000-0000-000000000001", "cancelled_at": null, "purpose_code": null, "timing_model": "legacy_hours", "purpose_label": null, "billable_pages": null, "payment_method": null, "payment_status": "paid", "status_history": [{"at": "2026-10-03T19:04:39.221778+08:00", "note": "Request submitted", "status": "submitted"}], "fee_assessed_at": null, "fee_assessed_by": null, "idempotency_key": null, "requester_notes": null, "contract_version": 1, "document_type_id": "d2000000-0000-0000-0000-000000000002", "id_document_path": null, "reference_number": "REQ-2026-00004", "eligibility_state": "pending", "submission_payload": null, "supporting_details": null, "legacy_fee_centavos": 7500, "purpose_explanation": null, "fee_assessment_state": "legacy", "pricing_mode_snapshot": null, "personal_appearance_at": null, "target_minutes_snapshot": null, "assessed_amount_centavos": null, "requirements_review_note": null, "requirements_reviewed_at": null, "requirements_reviewed_by": null, "approved_id_submission_id": null, "requirements_review_state": "legacy", "personal_appearance_required": false, "personal_appearance_recorded_by": null}, {"id": "c2000000-0000-0000-0000-000000000003", "status": "submitted", "ready_at": null, "fee_basis": null, "sla_state": "legacy", "created_at": "2024-03-01T08:00:00+08:00", "deleted_at": null, "updated_at": "2026-10-03T19:04:39.221778+08:00", "accepted_at": null, "barangay_id": "a2000000-0000-0000-0000-000000000001", "released_at": null, "resident_id": "b2000000-0000-0000-0000-000000000001", "cancelled_at": null, "purpose_code": null, "timing_model": "legacy_hours", "purpose_label": null, "billable_pages": null, "payment_method": null, "payment_status": "pending", "status_history": [{"at": "2026-10-03T19:04:39.221778+08:00", "note": "Request submitted", "status": "submitted"}], "fee_assessed_at": null, "fee_assessed_by": null, "idempotency_key": null, "requester_notes": null, "contract_version": 1, "document_type_id": "d2000000-0000-0000-0000-000000000003", "id_document_path": null, "reference_number": "REQ-2026-00005", "eligibility_state": "pending", "submission_payload": null, "supporting_details": null, "legacy_fee_centavos": 2500, "purpose_explanation": null, "fee_assessment_state": "legacy", "pricing_mode_snapshot": null, "personal_appearance_at": null, "target_minutes_snapshot": null, "assessed_amount_centavos": null, "requirements_review_note": null, "requirements_reviewed_at": null, "requirements_reviewed_by": null, "approved_id_submission_id": null, "requirements_review_state": "legacy", "personal_appearance_required": false, "personal_appearance_recorded_by": null}, {"id": "c3000000-0000-0000-0000-000000000001", "status": "completed", "ready_at": null, "fee_basis": null, "sla_state": "legacy", "created_at": "2024-01-01T08:00:00+08:00", "deleted_at": null, "updated_at": "2026-10-03T19:04:38.893471+08:00", "accepted_at": null, "barangay_id": "a3000000-0000-0000-0000-000000000001", "released_at": null, "resident_id": "b3000000-0000-0000-0000-000000000001", "cancelled_at": null, "purpose_code": null, "timing_model": "legacy_hours", "purpose_label": null, "billable_pages": null, "payment_method": null, "payment_status": "paid", "status_history": [{"at": "2026-10-03T19:04:38.879548+08:00", "note": "Request submitted", "status": "submitted"}, {"at": "2026-10-03T19:04:38.890186+08:00", "note": null, "status": "completed"}], "fee_assessed_at": null, "fee_assessed_by": null, "idempotency_key": null, "requester_notes": null, "contract_version": 1, "document_type_id": "d3000000-0000-0000-0000-000000000001", "id_document_path": null, "reference_number": "REQ-2026-00001", "eligibility_state": "pending", "submission_payload": null, "supporting_details": null, "legacy_fee_centavos": null, "purpose_explanation": null, "fee_assessment_state": "legacy", "pricing_mode_snapshot": null, "personal_appearance_at": null, "target_minutes_snapshot": null, "assessed_amount_centavos": null, "requirements_review_note": null, "requirements_reviewed_at": null, "requirements_reviewed_by": null, "approved_id_submission_id": null, "requirements_review_state": "legacy", "personal_appearance_required": false, "personal_appearance_recorded_by": null}, {"id": "c3000000-0000-0000-0000-000000000002", "status": "cancelled", "ready_at": null, "fee_basis": null, "sla_state": "legacy", "created_at": "2024-02-01T08:00:00+08:00", "deleted_at": null, "updated_at": "2026-10-03T19:04:38.893471+08:00", "accepted_at": null, "barangay_id": "a3000000-0000-0000-0000-000000000001", "released_at": null, "resident_id": "b3000000-0000-0000-0000-000000000001", "cancelled_at": null, "purpose_code": null, "timing_model": "legacy_hours", "purpose_label": null, "billable_pages": null, "payment_method": null, "payment_status": "refunded", "status_history": [{"at": "2026-10-03T19:04:38.879548+08:00", "note": "Request submitted", "status": "submitted"}, {"at": "2026-10-03T19:04:38.892481+08:00", "note": null, "status": "cancelled"}], "fee_assessed_at": null, "fee_assessed_by": null, "idempotency_key": null, "requester_notes": null, "contract_version": 1, "document_type_id": "d3000000-0000-0000-0000-000000000001", "id_document_path": null, "reference_number": "REQ-2026-00002", "eligibility_state": "pending", "submission_payload": null, "supporting_details": null, "legacy_fee_centavos": null, "purpose_explanation": null, "fee_assessment_state": "legacy", "pricing_mode_snapshot": null, "personal_appearance_at": null, "target_minutes_snapshot": null, "assessed_amount_centavos": null, "requirements_review_note": null, "requirements_reviewed_at": null, "requirements_reviewed_by": null, "approved_id_submission_id": null, "requirements_review_state": "legacy", "personal_appearance_required": false, "personal_appearance_recorded_by": null}]

phase3_existing: snapshot payments
[{"id": "e2000000-0000-0000-0000-000000000001", "method": "pickup", "status": "paid", "paid_at": null, "created_at": "2026-10-03T19:04:39.234528+08:00", "deleted_at": null, "expires_at": null, "updated_at": "2026-10-03T19:04:39.234528+08:00", "barangay_id": "a2000000-0000-0000-0000-000000000001", "refunded_at": null, "refunded_by": null, "collected_by": null, "qr_image_url": null, "refund_reason": null, "refund_status": "none", "amount_centavos": 5000, "qrph_creation_key": null, "paymongo_source_id": null, "service_request_id": "c2000000-0000-0000-0000-000000000001", "paymongo_payment_id": null, "refund_transfer_link": null, "document_fee_centavos": 5000, "refund_amount_centavos": null, "paymongo_payment_intent_id": null}, {"id": "e2000000-0000-0000-0000-000000000002", "method": "qrph", "status": "paid", "paid_at": null, "created_at": "2026-10-03T19:04:39.234528+08:00", "deleted_at": null, "expires_at": null, "updated_at": "2026-10-03T19:04:39.234528+08:00", "barangay_id": "a2000000-0000-0000-0000-000000000001", "refunded_at": null, "refunded_by": null, "collected_by": null, "qr_image_url": null, "refund_reason": null, "refund_status": "none", "amount_centavos": 7500, "qrph_creation_key": null, "paymongo_source_id": null, "service_request_id": "c2000000-0000-0000-0000-000000000002", "paymongo_payment_id": null, "refund_transfer_link": null, "document_fee_centavos": 7500, "refund_amount_centavos": null, "paymongo_payment_intent_id": null}, {"id": "e3000000-0000-0000-0000-000000000001", "method": "pickup", "status": "paid", "paid_at": null, "created_at": "2026-10-03T19:04:38.893471+08:00", "deleted_at": null, "expires_at": null, "updated_at": "2026-10-03T19:04:38.893471+08:00", "barangay_id": "a3000000-0000-0000-0000-000000000001", "refunded_at": null, "refunded_by": null, "collected_by": null, "qr_image_url": null, "refund_reason": null, "refund_status": "none", "amount_centavos": 12500, "qrph_creation_key": null, "paymongo_source_id": null, "service_request_id": "c3000000-0000-0000-0000-000000000001", "paymongo_payment_id": null, "refund_transfer_link": null, "document_fee_centavos": 12500, "refund_amount_centavos": null, "paymongo_payment_intent_id": null}, {"id": "e3000000-0000-0000-0000-000000000002", "method": "qrph", "status": "refunded", "paid_at": null, "created_at": "2026-10-03T19:04:38.893471+08:00", "deleted_at": null, "expires_at": null, "updated_at": "2026-10-03T19:04:38.893471+08:00", "barangay_id": "a3000000-0000-0000-0000-000000000001", "refunded_at": null, "refunded_by": null, "collected_by": null, "qr_image_url": null, "refund_reason": null, "refund_status": "none", "amount_centavos": 12500, "qrph_creation_key": null, "paymongo_source_id": null, "service_request_id": "c3000000-0000-0000-0000-000000000002", "paymongo_payment_id": null, "refund_transfer_link": null, "document_fee_centavos": 12500, "refund_amount_centavos": null, "paymongo_payment_intent_id": null}]

phase3_existing: snapshot drive_registrations
[{"id": "f3000000-0000-0000-0000-000000000002", "age": 70, "is_pwd": true, "status": "pending", "user_id": "b3000000-0000-0000-0000-000000000001", "drive_id": "f3000000-0000-0000-0000-000000000001", "created_at": "2026-10-03T19:04:38.906103+08:00", "updated_at": "2026-10-03T19:04:38.906103+08:00", "comorbidities": ["hypertension"], "priority_score": 90, "prior_dose_date": null, "applicant_number": "HIST-00001"}]

phase3_existing: snapshot household_members
[]

phase3_existing: Historical reconciliation assertions
SET
DO

phase3_existing: Phase 3 four-service staff acceptance
SET
BEGIN
 no_plan 
---------
(0 rows)

INSERT 0 2
INSERT 0 1
INSERT 0 3
 configure_ampid_charter 
-------------------------
 
(1 row)

                    is                     
-------------------------------------------
 ok 1 - Exactly four pilot services active
(1 row)

                   ok                   
----------------------------------------
 ok 2 - Other tenant activity unchanged
(1 row)

                is                 
-----------------------------------
 ok 3 - Other tenant fee unchanged
(1 row)

                      is                       
-----------------------------------------------
 ok 4 - Equivalent indigency identifier reused
(1 row)

                              ok                               
---------------------------------------------------------------
 ok 5 - General-purpose clearance deactivated without deletion
(1 row)

                            is                            
----------------------------------------------------------
 ok 6 - All four preserve Simple, G2C and fifteen minutes
(1 row)

                           is                            
---------------------------------------------------------
 ok 7 - Missing CTC personnel remains explicitly unknown
(1 row)

INSERT 0 3
INSERT 0 3
INSERT 0 3
SET
SET
        publish_id_submission         
--------------------------------------
 c5000000-0000-0000-0000-000000000001
(1 row)

SET
         review_id_submission         
--------------------------------------
 c5000000-0000-0000-0000-000000000001
(1 row)

SET
                                                              lives_ok                                                               
-------------------------------------------------------------------------------------------------------------------------------------
 ok 8 - Issuance of Barangay Clearance for Business Establishments submits pending assessment
 ok 9 - Certificate of Indigency submits pending assessment
 ok 10 - First Time Job Seeker submits pending assessment
 ok 11 - Reproduction or Photocopy of Barangay Records, Data, and Similar Documents (Certified True Copy) submits pending assessment
(4 rows)

           throws_ok            
--------------------------------
 ok 12 - Resident cannot review
(1 row)

SET
                      throws_ok                       
------------------------------------------------------
 ok 13 - ID approval alone cannot accept requirements
 ok 14 - ID approval alone cannot accept requirements
 ok 15 - ID approval alone cannot accept requirements
 ok 16 - ID approval alone cannot accept requirements
(4 rows)

                   lives_ok                   
----------------------------------------------
 ok 17 - Staff record requirements separately
 ok 18 - Staff record requirements separately
 ok 19 - Staff record requirements separately
 ok 20 - Staff record requirements separately
(4 rows)

                        throws_ok                         
----------------------------------------------------------
 ok 21 - Appearance acknowledgment is not actual presence
 ok 22 - Appearance acknowledgment is not actual presence
 ok 23 - Appearance acknowledgment is not actual presence
 ok 24 - Appearance acknowledgment is not actual presence
(4 rows)

                lives_ok                
----------------------------------------
 ok 25 - Staff record actual appearance
 ok 26 - Staff record actual appearance
 ok 27 - Staff record actual appearance
 ok 28 - Staff record actual appearance
(4 rows)

                        ok                         
---------------------------------------------------
 ok 29 - Review and appearance actor/time recorded
 ok 30 - Review and appearance actor/time recorded
 ok 31 - Review and appearance actor/time recorded
 ok 32 - Review and appearance actor/time recorded
(4 rows)

                     lives_ok                     
--------------------------------------------------
 ok 33 - Every service fee or exemption confirmed
 ok 34 - Every service fee or exemption confirmed
 ok 35 - Every service fee or exemption confirmed
 ok 36 - Every service fee or exemption confirmed
(4 rows)

                                is                                 
-------------------------------------------------------------------
 ok 37 - Four total pages cost forty pesos, not times three copies
(1 row)

             lives_ok              
-----------------------------------
 ok 38 - Reviewed request accepted
 ok 39 - Reviewed request accepted
 ok 40 - Reviewed request accepted
 ok 41 - Reviewed request accepted
(4 rows)

            lives_ok             
---------------------------------
 ok 42 - Reviewed document ready
 ok 43 - Reviewed document ready
 ok 44 - Reviewed document ready
 ok 45 - Reviewed document ready
(4 rows)

               throws_ok               
---------------------------------------
 ok 46 - Unpaid request cannot release
 ok 47 - Unpaid request cannot release
 ok 48 - Unpaid request cannot release
(3 rows)

                         lives_ok                         
----------------------------------------------------------
 ok 49 - Eligible first job seeker waiver permits release
(1 row)

               throws_ok                
----------------------------------------
 ok 50 - Review locked after acceptance
(1 row)

               throws_ok                
----------------------------------------
 ok 51 - Raw staff review bypass denied
(1 row)

RESET
 finish 
--------
 1..51
(1 row)

ROLLBACK

